﻿{
  "colgroup": [],
  "headers": [],
  "rows": [
    {
      "row": [
        {
          "Text": "10.01(일)",
          "Class": "day",
          "Scope": null,
          "RowSpan": "3",
          "ColSpan": null,
          "Width": null,
          "TypeObj": null
        },
        {
          "Text": "<b>14:00</b>",
          "Class": "time",
          "Scope": null,
          "RowSpan": null,
          "ColSpan": null,
          "Width": null,
          "TypeObj": null
        },
        {
          "Text": "<span>삼성</span><em><span class=\"win\">10</span><span>vs</span><span class=\"lose\">3</span></em><span>LG</span>",
          "Class": "play",
          "Scope": null,
          "RowSpan": null,
          "ColSpan": null,
          "Width": null,
          "TypeObj": null
        },
        {
          "Text": "<a href='/Schedule/GameCenter/Main.aspx?gameDate=20171001&gameId=20171001SSLG0&section=REVIEW' class='btn2 mr5' id='btnReview'>리뷰</a>",
          "Class": "relay",
          "Scope": null,
          "RowSpan": null,
          "ColSpan": null,
          "Width": null,
          "TypeObj": null
        },
        {
          "Text": "<a href='/Schedule/GameCenter/Main.aspx?gameDate=20171001&gameId=20171001SSLG0&section=HIGHLIGHT' class='btn2' id='btnHighlight' style='width:65px;'>하이라이트</a>",
          "Class": null,
          "Scope": null,
          "RowSpan": null,
          "ColSpan": null,
          "Width": null,
          "TypeObj": null
        },
        {
          "Text": "KN-T",
          "Class": null,
          "Scope": null,
          "RowSpan": null,
          "ColSpan": null,
          "Width": null,
          "TypeObj": null
        },
        {
          "Text": "T-R",
          "Class": null,
          "Scope": null,
          "RowSpan": null,
          "ColSpan": null,
          "Width": null,
          "TypeObj": null
        },
        {
          "Text": "잠실",
          "Class": null,
          "Scope": null,
          "RowSpan": null,
          "ColSpan": null,
          "Width": null,
          "TypeObj": null
        },
        {
          "Text": "-",
          "Class": null,
          "Scope": null,
          "RowSpan": null,
          "ColSpan": null,
          "Width": null,
          "TypeObj": null
        }
      ],
      "Class": null,
      "OnClick": null,
      "Style": null,
      "Value": null,
      "Id": null
    },
    {
      "row": [
        {
          "Text": "<b>14:00</b>",
          "Class": "time",
          "Scope": null,
          "RowSpan": null,
          "ColSpan": null,
          "Width": null,
          "TypeObj": null
        },
        {
          "Text": "<span>KIA</span><em><span class=\"lose\">2</span><span>vs</span><span class=\"win\">20</span></em><span>KT</span>",
          "Class": "play",
          "Scope": null,
          "RowSpan": null,
          "ColSpan": null,
          "Width": null,
          "TypeObj": null
        },
        {
          "Text": "<a href='/Schedule/GameCenter/Main.aspx?gameDate=20171001&gameId=20171001HTKT0&section=REVIEW' class='btn2 mr5' id='btnReview'>리뷰</a>",
          "Class": "relay",
          "Scope": null,
          "RowSpan": null,
          "ColSpan": null,
          "Width": null,
          "TypeObj": null
        },
        {
          "Text": "<a href='/Schedule/GameCenter/Main.aspx?gameDate=20171001&gameId=20171001HTKT0&section=HIGHLIGHT' class='btn2' id='btnHighlight' style='width:65px;'>하이라이트</a>",
          "Class": null,
          "Scope": null,
          "RowSpan": null,
          "ColSpan": null,
          "Width": null,
          "TypeObj": null
        },
        {
          "Text": "SPO-T",
          "Class": null,
          "Scope": null,
          "RowSpan": null,
          "ColSpan": null,
          "Width": null,
          "TypeObj": null
        },
        {
          "Text": "",
          "Class": null,
          "Scope": null,
          "RowSpan": null,
          "ColSpan": null,
          "Width": null,
          "TypeObj": null
        },
        {
          "Text": "수원",
          "Class": null,
          "Scope": null,
          "RowSpan": null,
          "ColSpan": null,
          "Width": null,
          "TypeObj": null
        },
        {
          "Text": "-",
          "Class": null,
          "Scope": null,
          "RowSpan": null,
          "ColSpan": null,
          "Width": null,
          "TypeObj": null
        }
      ],
      "Class": null,
      "OnClick": null,
      "Style": null,
      "Value": null,
      "Id": null
    },
    {
      "row": [
        {
          "Text": "<b>14:00</b>",
          "Class": "time",
          "Scope": null,
          "RowSpan": null,
          "ColSpan": null,
          "Width": null,
          "TypeObj": null
        },
        {
          "Text": "<span>두산</span><em><span class=\"win\">6</span><span>vs</span><span class=\"lose\">4</span></em><span>한화</span>",
          "Class": "play",
          "Scope": null,
          "RowSpan": null,
          "ColSpan": null,
          "Width": null,
          "TypeObj": null
        },
        {
          "Text": "<a href='/Schedule/GameCenter/Main.aspx?gameDate=20171001&gameId=20171001OBHH0&section=REVIEW' class='btn2 mr5' id='btnReview'>리뷰</a>",
          "Class": "relay",
          "Scope": null,
          "RowSpan": null,
          "ColSpan": null,
          "Width": null,
          "TypeObj": null
        },
        {
          "Text": "<a href='/Schedule/GameCenter/Main.aspx?gameDate=20171001&gameId=20171001OBHH0&section=HIGHLIGHT' class='btn2' id='btnHighlight' style='width:65px;'>하이라이트</a>",
          "Class": null,
          "Scope": null,
          "RowSpan": null,
          "ColSpan": null,
          "Width": null,
          "TypeObj": null
        },
        {
          "Text": "SS-T<br />SKY-T<br />D-CMB",
          "Class": null,
          "Scope": null,
          "RowSpan": null,
          "ColSpan": null,
          "Width": null,
          "TypeObj": null
        },
        {
          "Text": "",
          "Class": null,
          "Scope": null,
          "RowSpan": null,
          "ColSpan": null,
          "Width": null,
          "TypeObj": null
        },
        {
          "Text": "대전",
          "Class": null,
          "Scope": null,
          "RowSpan": null,
          "ColSpan": null,
          "Width": null,
          "TypeObj": null
        },
        {
          "Text": "-",
          "Class": null,
          "Scope": null,
          "RowSpan": null,
          "ColSpan": null,
          "Width": null,
          "TypeObj": null
        }
      ],
      "Class": null,
      "OnClick": null,
      "Style": null,
      "Value": null,
      "Id": null
    },
    {
      "row": [
        {
          "Text": "10.02(월)",
          "Class": "day",
          "Scope": null,
          "RowSpan": "1",
          "ColSpan": null,
          "Width": null,
          "TypeObj": null
        },
        {
          "Text": "<b>14:00</b>",
          "Class": "time",
          "Scope": null,
          "RowSpan": null,
          "ColSpan": null,
          "Width": null,
          "TypeObj": null
        },
        {
          "Text": "<span>KIA</span><em><span class=\"win\">5</span><span>vs</span><span class=\"lose\">3</span></em><span>KT</span>",
          "Class": "play",
          "Scope": null,
          "RowSpan": null,
          "ColSpan": null,
          "Width": null,
          "TypeObj": null
        },
        {
          "Text": "<a href='/Schedule/GameCenter/Main.aspx?gameDate=20171002&gameId=20171002HTKT0&section=REVIEW' class='btn2 mr5' id='btnReview'>리뷰</a>",
          "Class": "relay",
          "Scope": null,
          "RowSpan": null,
          "ColSpan": null,
          "Width": null,
          "TypeObj": null
        },
        {
          "Text": "<a href='/Schedule/GameCenter/Main.aspx?gameDate=20171002&gameId=20171002HTKT0&section=HIGHLIGHT' class='btn2' id='btnHighlight' style='width:65px;'>하이라이트</a>",
          "Class": null,
          "Scope": null,
          "RowSpan": null,
          "ColSpan": null,
          "Width": null,
          "TypeObj": null
        },
        {
          "Text": "KN-T<br />MS-T<br />SS-T<br />SPO-T",
          "Class": null,
          "Scope": null,
          "RowSpan": null,
          "ColSpan": null,
          "Width": null,
          "TypeObj": null
        },
        {
          "Text": "",
          "Class": null,
          "Scope": null,
          "RowSpan": null,
          "ColSpan": null,
          "Width": null,
          "TypeObj": null
        },
        {
          "Text": "수원",
          "Class": null,
          "Scope": null,
          "RowSpan": null,
          "ColSpan": null,
          "Width": null,
          "TypeObj": null
        },
        {
          "Text": "-",
          "Class": null,
          "Scope": null,
          "RowSpan": null,
          "ColSpan": null,
          "Width": null,
          "TypeObj": null
        }
      ],
      "Class": null,
      "OnClick": null,
      "Style": null,
      "Value": null,
      "Id": null
    },
    {
      "row": [
        {
          "Text": "10.03(화)",
          "Class": "day",
          "Scope": null,
          "RowSpan": "5",
          "ColSpan": null,
          "Width": null,
          "TypeObj": null
        },
        {
          "Text": "<b>14:00</b>",
          "Class": "time",
          "Scope": null,
          "RowSpan": null,
          "ColSpan": null,
          "Width": null,
          "TypeObj": null
        },
        {
          "Text": "<span>SK</span><em><span class=\"win\">3</span><span>vs</span><span class=\"lose\">2</span></em><span>두산</span>",
          "Class": "play",
          "Scope": null,
          "RowSpan": null,
          "ColSpan": null,
          "Width": null,
          "TypeObj": null
        },
        {
          "Text": "<a href='/Schedule/GameCenter/Main.aspx?gameDate=20171003&gameId=20171003SKOB0&section=REVIEW' class='btn2 mr5' id='btnReview'>리뷰</a>",
          "Class": "relay",
          "Scope": null,
          "RowSpan": null,
          "ColSpan": null,
          "Width": null,
          "TypeObj": null
        },
        {
          "Text": "<a href='/Schedule/GameCenter/Main.aspx?gameDate=20171003&gameId=20171003SKOB0&section=HIGHLIGHT' class='btn2' id='btnHighlight' style='width:65px;'>하이라이트</a>",
          "Class": null,
          "Scope": null,
          "RowSpan": null,
          "ColSpan": null,
          "Width": null,
          "TypeObj": null
        },
        {
          "Text": "SKY-T",
          "Class": null,
          "Scope": null,
          "RowSpan": null,
          "ColSpan": null,
          "Width": null,
          "TypeObj": null
        },
        {
          "Text": "",
          "Class": null,
          "Scope": null,
          "RowSpan": null,
          "ColSpan": null,
          "Width": null,
          "TypeObj": null
        },
        {
          "Text": "잠실",
          "Class": null,
          "Scope": null,
          "RowSpan": null,
          "ColSpan": null,
          "Width": null,
          "TypeObj": null
        },
        {
          "Text": "-",
          "Class": null,
          "Scope": null,
          "RowSpan": null,
          "ColSpan": null,
          "Width": null,
          "TypeObj": null
        }
      ],
      "Class": null,
      "OnClick": null,
      "Style": null,
      "Value": null,
      "Id": null
    },
    {
      "row": [
        {
          "Text": "<b>14:00</b>",
          "Class": "time",
          "Scope": null,
          "RowSpan": null,
          "ColSpan": null,
          "Width": null,
          "TypeObj": null
        },
        {
          "Text": "<span>KIA</span><em><span class=\"win\">10</span><span>vs</span><span class=\"lose\">2</span></em><span>KT</span>",
          "Class": "play",
          "Scope": null,
          "RowSpan": null,
          "ColSpan": null,
          "Width": null,
          "TypeObj": null
        },
        {
          "Text": "<a href='/Schedule/GameCenter/Main.aspx?gameDate=20171003&gameId=20171003HTKT0&section=REVIEW' class='btn2 mr5' id='btnReview'>리뷰</a>",
          "Class": "relay",
          "Scope": null,
          "RowSpan": null,
          "ColSpan": null,
          "Width": null,
          "TypeObj": null
        },
        {
          "Text": "<a href='/Schedule/GameCenter/Main.aspx?gameDate=20171003&gameId=20171003HTKT0&section=HIGHLIGHT' class='btn2' id='btnHighlight' style='width:65px;'>하이라이트</a>",
          "Class": null,
          "Scope": null,
          "RowSpan": null,
          "ColSpan": null,
          "Width": null,
          "TypeObj": null
        },
        {
          "Text": "SPO-T",
          "Class": null,
          "Scope": null,
          "RowSpan": null,
          "ColSpan": null,
          "Width": null,
          "TypeObj": null
        },
        {
          "Text": "",
          "Class": null,
          "Scope": null,
          "RowSpan": null,
          "ColSpan": null,
          "Width": null,
          "TypeObj": null
        },
        {
          "Text": "수원",
          "Class": null,
          "Scope": null,
          "RowSpan": null,
          "ColSpan": null,
          "Width": null,
          "TypeObj": null
        },
        {
          "Text": "-",
          "Class": null,
          "Scope": null,
          "RowSpan": null,
          "ColSpan": null,
          "Width": null,
          "TypeObj": null
        }
      ],
      "Class": null,
      "OnClick": null,
      "Style": null,
      "Value": null,
      "Id": null
    },
    {
      "row": [
        {
          "Text": "<b>15:00</b>",
          "Class": "time",
          "Scope": null,
          "RowSpan": null,
          "ColSpan": null,
          "Width": null,
          "TypeObj": null
        },
        {
          "Text": "<span>LG</span><em><span class=\"lose\">2</span><span>vs</span><span class=\"win\">4</span></em><span>롯데</span>",
          "Class": "play",
          "Scope": null,
          "RowSpan": null,
          "ColSpan": null,
          "Width": null,
          "TypeObj": null
        },
        {
          "Text": "<a href='/Schedule/GameCenter/Main.aspx?gameDate=20171003&gameId=20171003LGLT0&section=REVIEW' class='btn2 mr5' id='btnReview'>리뷰</a>",
          "Class": "relay",
          "Scope": null,
          "RowSpan": null,
          "ColSpan": null,
          "Width": null,
          "TypeObj": null
        },
        {
          "Text": "<a href='/Schedule/GameCenter/Main.aspx?gameDate=20171003&gameId=20171003LGLT0&section=HIGHLIGHT' class='btn2' id='btnHighlight' style='width:65px;'>하이라이트</a>",
          "Class": null,
          "Scope": null,
          "RowSpan": null,
          "ColSpan": null,
          "Width": null,
          "TypeObj": null
        },
        {
          "Text": "SS-T",
          "Class": null,
          "Scope": null,
          "RowSpan": null,
          "ColSpan": null,
          "Width": null,
          "TypeObj": null
        },
        {
          "Text": "KNN-R<br />PM-R",
          "Class": null,
          "Scope": null,
          "RowSpan": null,
          "ColSpan": null,
          "Width": null,
          "TypeObj": null
        },
        {
          "Text": "사직",
          "Class": null,
          "Scope": null,
          "RowSpan": null,
          "ColSpan": null,
          "Width": null,
          "TypeObj": null
        },
        {
          "Text": "-",
          "Class": null,
          "Scope": null,
          "RowSpan": null,
          "ColSpan": null,
          "Width": null,
          "TypeObj": null
        }
      ],
      "Class": null,
      "OnClick": null,
      "Style": null,
      "Value": null,
      "Id": null
    },
    {
      "row": [
        {
          "Text": "<b>15:00</b>",
          "Class": "time",
          "Scope": null,
          "RowSpan": null,
          "ColSpan": null,
          "Width": null,
          "TypeObj": null
        },
        {
          "Text": "<span>NC</span><em><span class=\"same\">8</span><span>vs</span><span class=\"same\">8</span></em><span>한화</span>",
          "Class": "play",
          "Scope": null,
          "RowSpan": null,
          "ColSpan": null,
          "Width": null,
          "TypeObj": null
        },
        {
          "Text": "<a href='/Schedule/GameCenter/Main.aspx?gameDate=20171003&gameId=20171003NCHH0&section=REVIEW' class='btn2 mr5' id='btnReview'>리뷰</a>",
          "Class": "relay",
          "Scope": null,
          "RowSpan": null,
          "ColSpan": null,
          "Width": null,
          "TypeObj": null
        },
        {
          "Text": "<a href='/Schedule/GameCenter/Main.aspx?gameDate=20171003&gameId=20171003NCHH0&section=HIGHLIGHT' class='btn2' id='btnHighlight' style='width:65px;'>하이라이트</a>",
          "Class": null,
          "Scope": null,
          "RowSpan": null,
          "ColSpan": null,
          "Width": null,
          "TypeObj": null
        },
        {
          "Text": "KN-T<br />D-CMB",
          "Class": null,
          "Scope": null,
          "RowSpan": null,
          "ColSpan": null,
          "Width": null,
          "TypeObj": null
        },
        {
          "Text": "",
          "Class": null,
          "Scope": null,
          "RowSpan": null,
          "ColSpan": null,
          "Width": null,
          "TypeObj": null
        },
        {
          "Text": "대전",
          "Class": null,
          "Scope": null,
          "RowSpan": null,
          "ColSpan": null,
          "Width": null,
          "TypeObj": null
        },
        {
          "Text": "-",
          "Class": null,
          "Scope": null,
          "RowSpan": null,
          "ColSpan": null,
          "Width": null,
          "TypeObj": null
        }
      ],
      "Class": null,
      "OnClick": null,
      "Style": null,
      "Value": null,
      "Id": null
    },
    {
      "row": [
        {
          "Text": "<b>17:00</b>",
          "Class": "time",
          "Scope": null,
          "RowSpan": null,
          "ColSpan": null,
          "Width": null,
          "TypeObj": null
        },
        {
          "Text": "<span>넥센</span><em><span class=\"lose\">9</span><span>vs</span><span class=\"win\">10</span></em><span>삼성</span>",
          "Class": "play",
          "Scope": null,
          "RowSpan": null,
          "ColSpan": null,
          "Width": null,
          "TypeObj": null
        },
        {
          "Text": "<a href='/Schedule/GameCenter/Main.aspx?gameDate=20171003&gameId=20171003WOSS0&section=REVIEW' class='btn2 mr5' id='btnReview'>리뷰</a>",
          "Class": "relay",
          "Scope": null,
          "RowSpan": null,
          "ColSpan": null,
          "Width": null,
          "TypeObj": null
        },
        {
          "Text": "<a href='/Schedule/GameCenter/Main.aspx?gameDate=20171003&gameId=20171003WOSS0&section=HIGHLIGHT' class='btn2' id='btnHighlight' style='width:65px;'>하이라이트</a>",
          "Class": null,
          "Scope": null,
          "RowSpan": null,
          "ColSpan": null,
          "Width": null,
          "TypeObj": null
        },
        {
          "Text": "MS-T",
          "Class": null,
          "Scope": null,
          "RowSpan": null,
          "ColSpan": null,
          "Width": null,
          "TypeObj": null
        },
        {
          "Text": "T-R",
          "Class": null,
          "Scope": null,
          "RowSpan": null,
          "ColSpan": null,
          "Width": null,
          "TypeObj": null
        },
        {
          "Text": "대구",
          "Class": null,
          "Scope": null,
          "RowSpan": null,
          "ColSpan": null,
          "Width": null,
          "TypeObj": null
        },
        {
          "Text": "-",
          "Class": null,
          "Scope": null,
          "RowSpan": null,
          "ColSpan": null,
          "Width": null,
          "TypeObj": null
        }
      ],
      "Class": null,
      "OnClick": null,
      "Style": null,
      "Value": null,
      "Id": null
    }
  ],
  "tfoot": [],
  "totalCnt": null,
  "headerClass": null,
  "tbodyClass": null,
  "tfootClass": null,
  "title": null,
  "caption": null,
  "result_cd": null,
  "result_msg": null,
  "code": null,
  "msg": null
}