﻿{
  "colgroup": [],
  "headers": [],
  "rows": [
    {
      "row": [
        {
          "Text": "03.29(토)",
          "Class": "day",
          "Scope": null,
          "RowSpan": "4",
          "ColSpan": null,
          "Width": null,
          "TypeObj": null
        },
        {
          "Text": "<b>14:00</b>",
          "Class": "time",
          "Scope": null,
          "RowSpan": null,
          "ColSpan": null,
          "Width": null,
          "TypeObj": null
        },
        {
          "Text": "<span>LG</span><em><span class=\"lose\">4</span><span>vs</span><span class=\"win\">5</span></em><span>두산</span>",
          "Class": "play",
          "Scope": null,
          "RowSpan": null,
          "ColSpan": null,
          "Width": null,
          "TypeObj": null
        },
        {
          "Text": "<a href='/Schedule/GameCenter/Main.aspx?gameDate=20140329&gameId=20140329LGOB0&section=REVIEW' class='btn2 mr5' id='btnReview'>리뷰</a>",
          "Class": "relay",
          "Scope": null,
          "RowSpan": null,
          "ColSpan": null,
          "Width": null,
          "TypeObj": null
        },
        {
          "Text": "<a href='/Schedule/GameCenter/Main.aspx?gameDate=20140329&gameId=20140329LGOB0&section=HIGHLIGHT' class='btn2' id='btnHighlight' style='width:65px;'>하이라이트</a>",
          "Class": null,
          "Scope": null,
          "RowSpan": null,
          "ColSpan": null,
          "Width": null,
          "TypeObj": null
        },
        {
          "Text": "M-T",
          "Class": null,
          "Scope": null,
          "RowSpan": null,
          "ColSpan": null,
          "Width": null,
          "TypeObj": null
        },
        {
          "Text": "S-R",
          "Class": null,
          "Scope": null,
          "RowSpan": null,
          "ColSpan": null,
          "Width": null,
          "TypeObj": null
        },
        {
          "Text": "잠실",
          "Class": null,
          "Scope": null,
          "RowSpan": null,
          "ColSpan": null,
          "Width": null,
          "TypeObj": null
        },
        {
          "Text": "-",
          "Class": null,
          "Scope": null,
          "RowSpan": null,
          "ColSpan": null,
          "Width": null,
          "TypeObj": null
        }
      ],
      "Class": null,
      "OnClick": null,
      "Style": null,
      "Value": null,
      "Id": null
    },
    {
      "row": [
        {
          "Text": "<b>14:00</b>",
          "Class": "time",
          "Scope": null,
          "RowSpan": null,
          "ColSpan": null,
          "Width": null,
          "TypeObj": null
        },
        {
          "Text": "<span>넥센</span><em><span class=\"win\">8</span><span>vs</span><span class=\"lose\">3</span></em><span>SK</span>",
          "Class": "play",
          "Scope": null,
          "RowSpan": null,
          "ColSpan": null,
          "Width": null,
          "TypeObj": null
        },
        {
          "Text": "<a href='/Schedule/GameCenter/Main.aspx?gameDate=20140329&gameId=20140329WOSK0&section=REVIEW' class='btn2 mr5' id='btnReview'>리뷰</a>",
          "Class": "relay",
          "Scope": null,
          "RowSpan": null,
          "ColSpan": null,
          "Width": null,
          "TypeObj": null
        },
        {
          "Text": "<a href='/Schedule/GameCenter/Main.aspx?gameDate=20140329&gameId=20140329WOSK0&section=HIGHLIGHT' class='btn2' id='btnHighlight' style='width:65px;'>하이라이트</a>",
          "Class": null,
          "Scope": null,
          "RowSpan": null,
          "ColSpan": null,
          "Width": null,
          "TypeObj": null
        },
        {
          "Text": "KN-T<br />MS-T<br />SS-T<br />XTM-T<br />",
          "Class": null,
          "Scope": null,
          "RowSpan": null,
          "ColSpan": null,
          "Width": null,
          "TypeObj": null
        },
        {
          "Text": "",
          "Class": null,
          "Scope": null,
          "RowSpan": null,
          "ColSpan": null,
          "Width": null,
          "TypeObj": null
        },
        {
          "Text": "문학",
          "Class": null,
          "Scope": null,
          "RowSpan": null,
          "ColSpan": null,
          "Width": null,
          "TypeObj": null
        },
        {
          "Text": "-",
          "Class": null,
          "Scope": null,
          "RowSpan": null,
          "ColSpan": null,
          "Width": null,
          "TypeObj": null
        }
      ],
      "Class": null,
      "OnClick": null,
      "Style": null,
      "Value": null,
      "Id": null
    },
    {
      "row": [
        {
          "Text": "<b>14:00</b>",
          "Class": "time",
          "Scope": null,
          "RowSpan": null,
          "ColSpan": null,
          "Width": null,
          "TypeObj": null
        },
        {
          "Text": "<span>한화</span><em><span>vs</span></em><span>롯데</span>",
          "Class": "play",
          "Scope": null,
          "RowSpan": null,
          "ColSpan": null,
          "Width": null,
          "TypeObj": null
        },
        {
          "Text": "",
          "Class": "relay",
          "Scope": null,
          "RowSpan": null,
          "ColSpan": null,
          "Width": null,
          "TypeObj": null
        },
        {
          "Text": "",
          "Class": null,
          "Scope": null,
          "RowSpan": null,
          "ColSpan": null,
          "Width": null,
          "TypeObj": null
        },
        {
          "Text": "K-2T",
          "Class": null,
          "Scope": null,
          "RowSpan": null,
          "ColSpan": null,
          "Width": null,
          "TypeObj": null
        },
        {
          "Text": "KNN-R<br />PM-R",
          "Class": null,
          "Scope": null,
          "RowSpan": null,
          "ColSpan": null,
          "Width": null,
          "TypeObj": null
        },
        {
          "Text": "사직",
          "Class": null,
          "Scope": null,
          "RowSpan": null,
          "ColSpan": null,
          "Width": null,
          "TypeObj": null
        },
        {
          "Text": "우천취소",
          "Class": null,
          "Scope": null,
          "RowSpan": null,
          "ColSpan": null,
          "Width": null,
          "TypeObj": null
        }
      ],
      "Class": null,
      "OnClick": null,
      "Style": null,
      "Value": null,
      "Id": null
    },
    {
      "row": [
        {
          "Text": "<b>14:00</b>",
          "Class": "time",
          "Scope": null,
          "RowSpan": null,
          "ColSpan": null,
          "Width": null,
          "TypeObj": null
        },
        {
          "Text": "<span>KIA</span><em><span class=\"win\">2</span><span>vs</span><span class=\"lose\">1</span></em><span>삼성</span>",
          "Class": "play",
          "Scope": null,
          "RowSpan": null,
          "ColSpan": null,
          "Width": null,
          "TypeObj": null
        },
        {
          "Text": "<a href='/Schedule/GameCenter/Main.aspx?gameDate=20140329&gameId=20140329HTSS0&section=REVIEW' class='btn2 mr5' id='btnReview'>리뷰</a>",
          "Class": "relay",
          "Scope": null,
          "RowSpan": null,
          "ColSpan": null,
          "Width": null,
          "TypeObj": null
        },
        {
          "Text": "<a href='/Schedule/GameCenter/Main.aspx?gameDate=20140329&gameId=20140329HTSS0&section=HIGHLIGHT' class='btn2' id='btnHighlight' style='width:65px;'>하이라이트</a>",
          "Class": null,
          "Scope": null,
          "RowSpan": null,
          "ColSpan": null,
          "Width": null,
          "TypeObj": null
        },
        {
          "Text": "S-T",
          "Class": null,
          "Scope": null,
          "RowSpan": null,
          "ColSpan": null,
          "Width": null,
          "TypeObj": null
        },
        {
          "Text": "T-R",
          "Class": null,
          "Scope": null,
          "RowSpan": null,
          "ColSpan": null,
          "Width": null,
          "TypeObj": null
        },
        {
          "Text": "대구",
          "Class": null,
          "Scope": null,
          "RowSpan": null,
          "ColSpan": null,
          "Width": null,
          "TypeObj": null
        },
        {
          "Text": "-",
          "Class": null,
          "Scope": null,
          "RowSpan": null,
          "ColSpan": null,
          "Width": null,
          "TypeObj": null
        }
      ],
      "Class": null,
      "OnClick": null,
      "Style": null,
      "Value": null,
      "Id": null
    },
    {
      "row": [
        {
          "Text": "03.30(일)",
          "Class": "day",
          "Scope": null,
          "RowSpan": "4",
          "ColSpan": null,
          "Width": null,
          "TypeObj": null
        },
        {
          "Text": "<b>14:00</b>",
          "Class": "time",
          "Scope": null,
          "RowSpan": null,
          "ColSpan": null,
          "Width": null,
          "TypeObj": null
        },
        {
          "Text": "<span>LG</span><em><span class=\"win\">14</span><span>vs</span><span class=\"lose\">4</span></em><span>두산</span>",
          "Class": "play",
          "Scope": null,
          "RowSpan": null,
          "ColSpan": null,
          "Width": null,
          "TypeObj": null
        },
        {
          "Text": "<a href='/Schedule/GameCenter/Main.aspx?gameDate=20140330&gameId=20140330LGOB0&section=REVIEW' class='btn2 mr5' id='btnReview'>리뷰</a>",
          "Class": "relay",
          "Scope": null,
          "RowSpan": null,
          "ColSpan": null,
          "Width": null,
          "TypeObj": null
        },
        {
          "Text": "",
          "Class": null,
          "Scope": null,
          "RowSpan": null,
          "ColSpan": null,
          "Width": null,
          "TypeObj": null
        },
        {
          "Text": "MS-T<br />SPO-2T",
          "Class": null,
          "Scope": null,
          "RowSpan": null,
          "ColSpan": null,
          "Width": null,
          "TypeObj": null
        },
        {
          "Text": "",
          "Class": null,
          "Scope": null,
          "RowSpan": null,
          "ColSpan": null,
          "Width": null,
          "TypeObj": null
        },
        {
          "Text": "잠실",
          "Class": null,
          "Scope": null,
          "RowSpan": null,
          "ColSpan": null,
          "Width": null,
          "TypeObj": null
        },
        {
          "Text": "-",
          "Class": null,
          "Scope": null,
          "RowSpan": null,
          "ColSpan": null,
          "Width": null,
          "TypeObj": null
        }
      ],
      "Class": null,
      "OnClick": null,
      "Style": null,
      "Value": null,
      "Id": null
    },
    {
      "row": [
        {
          "Text": "<b>14:00</b>",
          "Class": "time",
          "Scope": null,
          "RowSpan": null,
          "ColSpan": null,
          "Width": null,
          "TypeObj": null
        },
        {
          "Text": "<span>넥센</span><em><span class=\"lose\">4</span><span>vs</span><span class=\"win\">6</span></em><span>SK</span>",
          "Class": "play",
          "Scope": null,
          "RowSpan": null,
          "ColSpan": null,
          "Width": null,
          "TypeObj": null
        },
        {
          "Text": "<a href='/Schedule/GameCenter/Main.aspx?gameDate=20140330&gameId=20140330WOSK0&section=REVIEW' class='btn2 mr5' id='btnReview'>리뷰</a>",
          "Class": "relay",
          "Scope": null,
          "RowSpan": null,
          "ColSpan": null,
          "Width": null,
          "TypeObj": null
        },
        {
          "Text": "<a href='/Schedule/GameCenter/Main.aspx?gameDate=20140330&gameId=20140330WOSK0&section=HIGHLIGHT' class='btn2' id='btnHighlight' style='width:65px;'>하이라이트</a>",
          "Class": null,
          "Scope": null,
          "RowSpan": null,
          "ColSpan": null,
          "Width": null,
          "TypeObj": null
        },
        {
          "Text": "<br />",
          "Class": null,
          "Scope": null,
          "RowSpan": null,
          "ColSpan": null,
          "Width": null,
          "TypeObj": null
        },
        {
          "Text": "",
          "Class": null,
          "Scope": null,
          "RowSpan": null,
          "ColSpan": null,
          "Width": null,
          "TypeObj": null
        },
        {
          "Text": "문학",
          "Class": null,
          "Scope": null,
          "RowSpan": null,
          "ColSpan": null,
          "Width": null,
          "TypeObj": null
        },
        {
          "Text": "-",
          "Class": null,
          "Scope": null,
          "RowSpan": null,
          "ColSpan": null,
          "Width": null,
          "TypeObj": null
        }
      ],
      "Class": null,
      "OnClick": null,
      "Style": null,
      "Value": null,
      "Id": null
    },
    {
      "row": [
        {
          "Text": "<b>14:00</b>",
          "Class": "time",
          "Scope": null,
          "RowSpan": null,
          "ColSpan": null,
          "Width": null,
          "TypeObj": null
        },
        {
          "Text": "<span>한화</span><em><span class=\"win\">4</span><span>vs</span><span class=\"lose\">2</span></em><span>롯데</span>",
          "Class": "play",
          "Scope": null,
          "RowSpan": null,
          "ColSpan": null,
          "Width": null,
          "TypeObj": null
        },
        {
          "Text": "<a href='/Schedule/GameCenter/Main.aspx?gameDate=20140330&gameId=20140330HHLT0&section=REVIEW' class='btn2 mr5' id='btnReview'>리뷰</a>",
          "Class": "relay",
          "Scope": null,
          "RowSpan": null,
          "ColSpan": null,
          "Width": null,
          "TypeObj": null
        },
        {
          "Text": "<a href='/Schedule/GameCenter/Main.aspx?gameDate=20140330&gameId=20140330HHLT0&section=HIGHLIGHT' class='btn2' id='btnHighlight' style='width:65px;'>하이라이트</a>",
          "Class": null,
          "Scope": null,
          "RowSpan": null,
          "ColSpan": null,
          "Width": null,
          "TypeObj": null
        },
        {
          "Text": "KN-T<br />PM-T<br />TM-T",
          "Class": null,
          "Scope": null,
          "RowSpan": null,
          "ColSpan": null,
          "Width": null,
          "TypeObj": null
        },
        {
          "Text": "KNN-R<br />PM-R",
          "Class": null,
          "Scope": null,
          "RowSpan": null,
          "ColSpan": null,
          "Width": null,
          "TypeObj": null
        },
        {
          "Text": "사직",
          "Class": null,
          "Scope": null,
          "RowSpan": null,
          "ColSpan": null,
          "Width": null,
          "TypeObj": null
        },
        {
          "Text": "-",
          "Class": null,
          "Scope": null,
          "RowSpan": null,
          "ColSpan": null,
          "Width": null,
          "TypeObj": null
        }
      ],
      "Class": null,
      "OnClick": null,
      "Style": null,
      "Value": null,
      "Id": null
    },
    {
      "row": [
        {
          "Text": "<b>14:00</b>",
          "Class": "time",
          "Scope": null,
          "RowSpan": null,
          "ColSpan": null,
          "Width": null,
          "TypeObj": null
        },
        {
          "Text": "<span>KIA</span><em><span class=\"lose\">5</span><span>vs</span><span class=\"win\">8</span></em><span>삼성</span>",
          "Class": "play",
          "Scope": null,
          "RowSpan": null,
          "ColSpan": null,
          "Width": null,
          "TypeObj": null
        },
        {
          "Text": "<a href='/Schedule/GameCenter/Main.aspx?gameDate=20140330&gameId=20140330HTSS0&section=REVIEW' class='btn2 mr5' id='btnReview'>리뷰</a>",
          "Class": "relay",
          "Scope": null,
          "RowSpan": null,
          "ColSpan": null,
          "Width": null,
          "TypeObj": null
        },
        {
          "Text": "<a href='/Schedule/GameCenter/Main.aspx?gameDate=20140330&gameId=20140330HTSS0&section=HIGHLIGHT' class='btn2' id='btnHighlight' style='width:65px;'>하이라이트</a>",
          "Class": null,
          "Scope": null,
          "RowSpan": null,
          "ColSpan": null,
          "Width": null,
          "TypeObj": null
        },
        {
          "Text": "XTM-T<br />TM-T<br />SPO-T",
          "Class": null,
          "Scope": null,
          "RowSpan": null,
          "ColSpan": null,
          "Width": null,
          "TypeObj": null
        },
        {
          "Text": "T-R",
          "Class": null,
          "Scope": null,
          "RowSpan": null,
          "ColSpan": null,
          "Width": null,
          "TypeObj": null
        },
        {
          "Text": "대구",
          "Class": null,
          "Scope": null,
          "RowSpan": null,
          "ColSpan": null,
          "Width": null,
          "TypeObj": null
        },
        {
          "Text": "-",
          "Class": null,
          "Scope": null,
          "RowSpan": null,
          "ColSpan": null,
          "Width": null,
          "TypeObj": null
        }
      ],
      "Class": null,
      "OnClick": null,
      "Style": null,
      "Value": null,
      "Id": null
    },
    {
      "row": [
        {
          "Text": "03.31(월)",
          "Class": "day",
          "Scope": null,
          "RowSpan": "1",
          "ColSpan": null,
          "Width": null,
          "TypeObj": null
        },
        {
          "Text": "<b>18:30</b>",
          "Class": "time",
          "Scope": null,
          "RowSpan": null,
          "ColSpan": null,
          "Width": null,
          "TypeObj": null
        },
        {
          "Text": "<span>한화</span><em><span class=\"lose\">2</span><span>vs</span><span class=\"win\">11</span></em><span>롯데</span>",
          "Class": "play",
          "Scope": null,
          "RowSpan": null,
          "ColSpan": null,
          "Width": null,
          "TypeObj": null
        },
        {
          "Text": "<a href='/Schedule/GameCenter/Main.aspx?gameDate=20140331&gameId=20140331HHLT0&section=REVIEW' class='btn2 mr5' id='btnReview'>리뷰</a>",
          "Class": "relay",
          "Scope": null,
          "RowSpan": null,
          "ColSpan": null,
          "Width": null,
          "TypeObj": null
        },
        {
          "Text": "<a href='/Schedule/GameCenter/Main.aspx?gameDate=20140331&gameId=20140331HHLT0&section=HIGHLIGHT' class='btn2' id='btnHighlight' style='width:65px;'>하이라이트</a>",
          "Class": null,
          "Scope": null,
          "RowSpan": null,
          "ColSpan": null,
          "Width": null,
          "TypeObj": null
        },
        {
          "Text": "KN-T<br />XTM-T<br />SPO-2T",
          "Class": null,
          "Scope": null,
          "RowSpan": null,
          "ColSpan": null,
          "Width": null,
          "TypeObj": null
        },
        {
          "Text": "KNN-R<br />PM-R",
          "Class": null,
          "Scope": null,
          "RowSpan": null,
          "ColSpan": null,
          "Width": null,
          "TypeObj": null
        },
        {
          "Text": "사직",
          "Class": null,
          "Scope": null,
          "RowSpan": null,
          "ColSpan": null,
          "Width": null,
          "TypeObj": null
        },
        {
          "Text": "-",
          "Class": null,
          "Scope": null,
          "RowSpan": null,
          "ColSpan": null,
          "Width": null,
          "TypeObj": null
        }
      ],
      "Class": null,
      "OnClick": null,
      "Style": null,
      "Value": null,
      "Id": null
    }
  ],
  "tfoot": [],
  "totalCnt": null,
  "headerClass": null,
  "tbodyClass": null,
  "tfootClass": null,
  "title": null,
  "caption": null,
  "result_cd": null,
  "result_msg": null,
  "code": null,
  "msg": null
}