﻿{
  "colgroup": [],
  "headers": [],
  "rows": [
    {
      "row": [
        {
          "Text": "03.31(금)",
          "Class": "day",
          "Scope": null,
          "RowSpan": "5",
          "ColSpan": null,
          "Width": null,
          "TypeObj": null
        },
        {
          "Text": "<b>19:00</b>",
          "Class": "time",
          "Scope": null,
          "RowSpan": null,
          "ColSpan": null,
          "Width": null,
          "TypeObj": null
        },
        {
          "Text": "<span>롯데</span><em><span class=\"lose\">5</span><span>vs</span><span class=\"win\">6</span></em><span>NC</span>",
          "Class": "play",
          "Scope": null,
          "RowSpan": null,
          "ColSpan": null,
          "Width": null,
          "TypeObj": null
        },
        {
          "Text": "<a href='/Schedule/GameCenter/Main.aspx?gameDate=20170331&gameId=20170331LTNC0&section=REVIEW' class='btn2 mr5' id='btnReview'>리뷰</a>",
          "Class": "relay",
          "Scope": null,
          "RowSpan": null,
          "ColSpan": null,
          "Width": null,
          "TypeObj": null
        },
        {
          "Text": "<a href='/Schedule/GameCenter/Main.aspx?gameDate=20170331&gameId=20170331LTNC0&section=HIGHLIGHT' class='btn2' id='btnHighlight' style='width:65px;'>하이라이트</a>",
          "Class": null,
          "Scope": null,
          "RowSpan": null,
          "ColSpan": null,
          "Width": null,
          "TypeObj": null
        },
        {
          "Text": "SS-T",
          "Class": null,
          "Scope": null,
          "RowSpan": null,
          "ColSpan": null,
          "Width": null,
          "TypeObj": null
        },
        {
          "Text": "",
          "Class": null,
          "Scope": null,
          "RowSpan": null,
          "ColSpan": null,
          "Width": null,
          "TypeObj": null
        },
        {
          "Text": "마산",
          "Class": null,
          "Scope": null,
          "RowSpan": null,
          "ColSpan": null,
          "Width": null,
          "TypeObj": null
        },
        {
          "Text": "-",
          "Class": null,
          "Scope": null,
          "RowSpan": null,
          "ColSpan": null,
          "Width": null,
          "TypeObj": null
        }
      ],
      "Class": null,
      "OnClick": null,
      "Style": null,
      "Value": null,
      "Id": null
    },
    {
      "row": [
        {
          "Text": "<b>19:00</b>",
          "Class": "time",
          "Scope": null,
          "RowSpan": null,
          "ColSpan": null,
          "Width": null,
          "TypeObj": null
        },
        {
          "Text": "<span>한화</span><em><span class=\"lose\">0</span><span>vs</span><span class=\"win\">3</span></em><span>두산</span>",
          "Class": "play",
          "Scope": null,
          "RowSpan": null,
          "ColSpan": null,
          "Width": null,
          "TypeObj": null
        },
        {
          "Text": "<a href='/Schedule/GameCenter/Main.aspx?gameDate=20170331&gameId=20170331HHOB0&section=REVIEW' class='btn2 mr5' id='btnReview'>리뷰</a>",
          "Class": "relay",
          "Scope": null,
          "RowSpan": null,
          "ColSpan": null,
          "Width": null,
          "TypeObj": null
        },
        {
          "Text": "<a href='/Schedule/GameCenter/Main.aspx?gameDate=20170331&gameId=20170331HHOB0&section=HIGHLIGHT' class='btn2' id='btnHighlight' style='width:65px;'>하이라이트</a>",
          "Class": null,
          "Scope": null,
          "RowSpan": null,
          "ColSpan": null,
          "Width": null,
          "TypeObj": null
        },
        {
          "Text": "MS-T",
          "Class": null,
          "Scope": null,
          "RowSpan": null,
          "ColSpan": null,
          "Width": null,
          "TypeObj": null
        },
        {
          "Text": "",
          "Class": null,
          "Scope": null,
          "RowSpan": null,
          "ColSpan": null,
          "Width": null,
          "TypeObj": null
        },
        {
          "Text": "잠실",
          "Class": null,
          "Scope": null,
          "RowSpan": null,
          "ColSpan": null,
          "Width": null,
          "TypeObj": null
        },
        {
          "Text": "-",
          "Class": null,
          "Scope": null,
          "RowSpan": null,
          "ColSpan": null,
          "Width": null,
          "TypeObj": null
        }
      ],
      "Class": null,
      "OnClick": null,
      "Style": null,
      "Value": null,
      "Id": null
    },
    {
      "row": [
        {
          "Text": "<b>19:00</b>",
          "Class": "time",
          "Scope": null,
          "RowSpan": null,
          "ColSpan": null,
          "Width": null,
          "TypeObj": null
        },
        {
          "Text": "<span>KT</span><em><span class=\"win\">3</span><span>vs</span><span class=\"lose\">2</span></em><span>SK</span>",
          "Class": "play",
          "Scope": null,
          "RowSpan": null,
          "ColSpan": null,
          "Width": null,
          "TypeObj": null
        },
        {
          "Text": "<a href='/Schedule/GameCenter/Main.aspx?gameDate=20170331&gameId=20170331KTSK0&section=REVIEW' class='btn2 mr5' id='btnReview'>리뷰</a>",
          "Class": "relay",
          "Scope": null,
          "RowSpan": null,
          "ColSpan": null,
          "Width": null,
          "TypeObj": null
        },
        {
          "Text": "<a href='/Schedule/GameCenter/Main.aspx?gameDate=20170331&gameId=20170331KTSK0&section=HIGHLIGHT' class='btn2' id='btnHighlight' style='width:65px;'>하이라이트</a>",
          "Class": null,
          "Scope": null,
          "RowSpan": null,
          "ColSpan": null,
          "Width": null,
          "TypeObj": null
        },
        {
          "Text": "SKY-T",
          "Class": null,
          "Scope": null,
          "RowSpan": null,
          "ColSpan": null,
          "Width": null,
          "TypeObj": null
        },
        {
          "Text": "",
          "Class": null,
          "Scope": null,
          "RowSpan": null,
          "ColSpan": null,
          "Width": null,
          "TypeObj": null
        },
        {
          "Text": "문학",
          "Class": null,
          "Scope": null,
          "RowSpan": null,
          "ColSpan": null,
          "Width": null,
          "TypeObj": null
        },
        {
          "Text": "-",
          "Class": null,
          "Scope": null,
          "RowSpan": null,
          "ColSpan": null,
          "Width": null,
          "TypeObj": null
        }
      ],
      "Class": null,
      "OnClick": null,
      "Style": null,
      "Value": null,
      "Id": null
    },
    {
      "row": [
        {
          "Text": "<b>19:00</b>",
          "Class": "time",
          "Scope": null,
          "RowSpan": null,
          "ColSpan": null,
          "Width": null,
          "TypeObj": null
        },
        {
          "Text": "<span>KIA</span><em><span class=\"win\">7</span><span>vs</span><span class=\"lose\">2</span></em><span>삼성</span>",
          "Class": "play",
          "Scope": null,
          "RowSpan": null,
          "ColSpan": null,
          "Width": null,
          "TypeObj": null
        },
        {
          "Text": "<a href='/Schedule/GameCenter/Main.aspx?gameDate=20170331&gameId=20170331HTSS0&section=REVIEW' class='btn2 mr5' id='btnReview'>리뷰</a>",
          "Class": "relay",
          "Scope": null,
          "RowSpan": null,
          "ColSpan": null,
          "Width": null,
          "TypeObj": null
        },
        {
          "Text": "<a href='/Schedule/GameCenter/Main.aspx?gameDate=20170331&gameId=20170331HTSS0&section=HIGHLIGHT' class='btn2' id='btnHighlight' style='width:65px;'>하이라이트</a>",
          "Class": null,
          "Scope": null,
          "RowSpan": null,
          "ColSpan": null,
          "Width": null,
          "TypeObj": null
        },
        {
          "Text": "KN-T",
          "Class": null,
          "Scope": null,
          "RowSpan": null,
          "ColSpan": null,
          "Width": null,
          "TypeObj": null
        },
        {
          "Text": "",
          "Class": null,
          "Scope": null,
          "RowSpan": null,
          "ColSpan": null,
          "Width": null,
          "TypeObj": null
        },
        {
          "Text": "대구",
          "Class": null,
          "Scope": null,
          "RowSpan": null,
          "ColSpan": null,
          "Width": null,
          "TypeObj": null
        },
        {
          "Text": "-",
          "Class": null,
          "Scope": null,
          "RowSpan": null,
          "ColSpan": null,
          "Width": null,
          "TypeObj": null
        }
      ],
      "Class": null,
      "OnClick": null,
      "Style": null,
      "Value": null,
      "Id": null
    },
    {
      "row": [
        {
          "Text": "<b>19:00</b>",
          "Class": "time",
          "Scope": null,
          "RowSpan": null,
          "ColSpan": null,
          "Width": null,
          "TypeObj": null
        },
        {
          "Text": "<span>LG</span><em><span class=\"win\">2</span><span>vs</span><span class=\"lose\">1</span></em><span>넥센</span>",
          "Class": "play",
          "Scope": null,
          "RowSpan": null,
          "ColSpan": null,
          "Width": null,
          "TypeObj": null
        },
        {
          "Text": "<a href='/Schedule/GameCenter/Main.aspx?gameDate=20170331&gameId=20170331LGWO0&section=REVIEW' class='btn2 mr5' id='btnReview'>리뷰</a>",
          "Class": "relay",
          "Scope": null,
          "RowSpan": null,
          "ColSpan": null,
          "Width": null,
          "TypeObj": null
        },
        {
          "Text": "<a href='/Schedule/GameCenter/Main.aspx?gameDate=20170331&gameId=20170331LGWO0&section=HIGHLIGHT' class='btn2' id='btnHighlight' style='width:65px;'>하이라이트</a>",
          "Class": null,
          "Scope": null,
          "RowSpan": null,
          "ColSpan": null,
          "Width": null,
          "TypeObj": null
        },
        {
          "Text": "SPO-T",
          "Class": null,
          "Scope": null,
          "RowSpan": null,
          "ColSpan": null,
          "Width": null,
          "TypeObj": null
        },
        {
          "Text": "",
          "Class": null,
          "Scope": null,
          "RowSpan": null,
          "ColSpan": null,
          "Width": null,
          "TypeObj": null
        },
        {
          "Text": "고척",
          "Class": null,
          "Scope": null,
          "RowSpan": null,
          "ColSpan": null,
          "Width": null,
          "TypeObj": null
        },
        {
          "Text": "-",
          "Class": null,
          "Scope": null,
          "RowSpan": null,
          "ColSpan": null,
          "Width": null,
          "TypeObj": null
        }
      ],
      "Class": null,
      "OnClick": null,
      "Style": null,
      "Value": null,
      "Id": null
    }
  ],
  "tfoot": [],
  "totalCnt": null,
  "headerClass": null,
  "tbodyClass": null,
  "tfootClass": null,
  "title": null,
  "caption": null,
  "result_cd": null,
  "result_msg": null,
  "code": null,
  "msg": null
}