﻿{
  "colgroup": [],
  "headers": [],
  "rows": [
    {
      "row": [
        {
          "Text": "03.23(토)",
          "Class": "day",
          "Scope": null,
          "RowSpan": "5",
          "ColSpan": null,
          "Width": null,
          "TypeObj": null
        },
        {
          "Text": "<b>14:00</b>",
          "Class": "time",
          "Scope": null,
          "RowSpan": null,
          "ColSpan": null,
          "Width": null,
          "TypeObj": null
        },
        {
          "Text": "<span>한화</span><em><span class=\"lose\">4</span><span>vs</span><span class=\"win\">5</span></em><span>두산</span>",
          "Class": "play",
          "Scope": null,
          "RowSpan": null,
          "ColSpan": null,
          "Width": null,
          "TypeObj": null
        },
        {
          "Text": "<a href='/Schedule/GameCenter/Main.aspx?gameDate=20190323&gameId=20190323HHOB0&section=REVIEW' class='btn2 mr5' id='btnReview'>리뷰</a>",
          "Class": "relay",
          "Scope": null,
          "RowSpan": null,
          "ColSpan": null,
          "Width": null,
          "TypeObj": null
        },
        {
          "Text": "<a href='/Schedule/GameCenter/Main.aspx?gameDate=20190323&gameId=20190323HHOB0&section=HIGHLIGHT' class='btn2' id='btnHighlight' style='width:65px;'>하이라이트</a>",
          "Class": null,
          "Scope": null,
          "RowSpan": null,
          "ColSpan": null,
          "Width": null,
          "TypeObj": null
        },
        {
          "Text": "K-2T",
          "Class": null,
          "Scope": null,
          "RowSpan": null,
          "ColSpan": null,
          "Width": null,
          "TypeObj": null
        },
        {
          "Text": "",
          "Class": null,
          "Scope": null,
          "RowSpan": null,
          "ColSpan": null,
          "Width": null,
          "TypeObj": null
        },
        {
          "Text": "잠실",
          "Class": null,
          "Scope": null,
          "RowSpan": null,
          "ColSpan": null,
          "Width": null,
          "TypeObj": null
        },
        {
          "Text": "-",
          "Class": null,
          "Scope": null,
          "RowSpan": null,
          "ColSpan": null,
          "Width": null,
          "TypeObj": null
        }
      ],
      "Class": null,
      "OnClick": null,
      "Style": null,
      "Value": null,
      "Id": null
    },
    {
      "row": [
        {
          "Text": "<b>14:00</b>",
          "Class": "time",
          "Scope": null,
          "RowSpan": null,
          "ColSpan": null,
          "Width": null,
          "TypeObj": null
        },
        {
          "Text": "<span>KT</span><em><span class=\"lose\">4</span><span>vs</span><span class=\"win\">7</span></em><span>SK</span>",
          "Class": "play",
          "Scope": null,
          "RowSpan": null,
          "ColSpan": null,
          "Width": null,
          "TypeObj": null
        },
        {
          "Text": "<a href='/Schedule/GameCenter/Main.aspx?gameDate=20190323&gameId=20190323KTSK0&section=REVIEW' class='btn2 mr5' id='btnReview'>리뷰</a>",
          "Class": "relay",
          "Scope": null,
          "RowSpan": null,
          "ColSpan": null,
          "Width": null,
          "TypeObj": null
        },
        {
          "Text": "<a href='/Schedule/GameCenter/Main.aspx?gameDate=20190323&gameId=20190323KTSK0&section=HIGHLIGHT' class='btn2' id='btnHighlight' style='width:65px;'>하이라이트</a>",
          "Class": null,
          "Scope": null,
          "RowSpan": null,
          "ColSpan": null,
          "Width": null,
          "TypeObj": null
        },
        {
          "Text": "SPO-2T",
          "Class": null,
          "Scope": null,
          "RowSpan": null,
          "ColSpan": null,
          "Width": null,
          "TypeObj": null
        },
        {
          "Text": "",
          "Class": null,
          "Scope": null,
          "RowSpan": null,
          "ColSpan": null,
          "Width": null,
          "TypeObj": null
        },
        {
          "Text": "문학",
          "Class": null,
          "Scope": null,
          "RowSpan": null,
          "ColSpan": null,
          "Width": null,
          "TypeObj": null
        },
        {
          "Text": "-",
          "Class": null,
          "Scope": null,
          "RowSpan": null,
          "ColSpan": null,
          "Width": null,
          "TypeObj": null
        }
      ],
      "Class": null,
      "OnClick": null,
      "Style": null,
      "Value": null,
      "Id": null
    },
    {
      "row": [
        {
          "Text": "<b>14:00</b>",
          "Class": "time",
          "Scope": null,
          "RowSpan": null,
          "ColSpan": null,
          "Width": null,
          "TypeObj": null
        },
        {
          "Text": "<span>키움</span><em><span class=\"win\">7</span><span>vs</span><span class=\"lose\">4</span></em><span>롯데</span>",
          "Class": "play",
          "Scope": null,
          "RowSpan": null,
          "ColSpan": null,
          "Width": null,
          "TypeObj": null
        },
        {
          "Text": "<a href='/Schedule/GameCenter/Main.aspx?gameDate=20190323&gameId=20190323WOLT0&section=REVIEW' class='btn2 mr5' id='btnReview'>리뷰</a>",
          "Class": "relay",
          "Scope": null,
          "RowSpan": null,
          "ColSpan": null,
          "Width": null,
          "TypeObj": null
        },
        {
          "Text": "<a href='/Schedule/GameCenter/Main.aspx?gameDate=20190323&gameId=20190323WOLT0&section=HIGHLIGHT' class='btn2' id='btnHighlight' style='width:65px;'>하이라이트</a>",
          "Class": null,
          "Scope": null,
          "RowSpan": null,
          "ColSpan": null,
          "Width": null,
          "TypeObj": null
        },
        {
          "Text": "SPO-T",
          "Class": null,
          "Scope": null,
          "RowSpan": null,
          "ColSpan": null,
          "Width": null,
          "TypeObj": null
        },
        {
          "Text": "KNN-R<br />PM-R",
          "Class": null,
          "Scope": null,
          "RowSpan": null,
          "ColSpan": null,
          "Width": null,
          "TypeObj": null
        },
        {
          "Text": "사직",
          "Class": null,
          "Scope": null,
          "RowSpan": null,
          "ColSpan": null,
          "Width": null,
          "TypeObj": null
        },
        {
          "Text": "-",
          "Class": null,
          "Scope": null,
          "RowSpan": null,
          "ColSpan": null,
          "Width": null,
          "TypeObj": null
        }
      ],
      "Class": null,
      "OnClick": null,
      "Style": null,
      "Value": null,
      "Id": null
    },
    {
      "row": [
        {
          "Text": "<b>14:00</b>",
          "Class": "time",
          "Scope": null,
          "RowSpan": null,
          "ColSpan": null,
          "Width": null,
          "TypeObj": null
        },
        {
          "Text": "<span>삼성</span><em><span class=\"lose\">0</span><span>vs</span><span class=\"win\">7</span></em><span>NC</span>",
          "Class": "play",
          "Scope": null,
          "RowSpan": null,
          "ColSpan": null,
          "Width": null,
          "TypeObj": null
        },
        {
          "Text": "<a href='/Schedule/GameCenter/Main.aspx?gameDate=20190323&gameId=20190323SSNC0&section=REVIEW' class='btn2 mr5' id='btnReview'>리뷰</a>",
          "Class": "relay",
          "Scope": null,
          "RowSpan": null,
          "ColSpan": null,
          "Width": null,
          "TypeObj": null
        },
        {
          "Text": "<a href='/Schedule/GameCenter/Main.aspx?gameDate=20190323&gameId=20190323SSNC0&section=HIGHLIGHT' class='btn2' id='btnHighlight' style='width:65px;'>하이라이트</a>",
          "Class": null,
          "Scope": null,
          "RowSpan": null,
          "ColSpan": null,
          "Width": null,
          "TypeObj": null
        },
        {
          "Text": "S-T",
          "Class": null,
          "Scope": null,
          "RowSpan": null,
          "ColSpan": null,
          "Width": null,
          "TypeObj": null
        },
        {
          "Text": "KNN-R<br />DM-R<br />GM-R",
          "Class": null,
          "Scope": null,
          "RowSpan": null,
          "ColSpan": null,
          "Width": null,
          "TypeObj": null
        },
        {
          "Text": "창원",
          "Class": null,
          "Scope": null,
          "RowSpan": null,
          "ColSpan": null,
          "Width": null,
          "TypeObj": null
        },
        {
          "Text": "-",
          "Class": null,
          "Scope": null,
          "RowSpan": null,
          "ColSpan": null,
          "Width": null,
          "TypeObj": null
        }
      ],
      "Class": null,
      "OnClick": null,
      "Style": null,
      "Value": null,
      "Id": null
    },
    {
      "row": [
        {
          "Text": "<b>14:00</b>",
          "Class": "time",
          "Scope": null,
          "RowSpan": null,
          "ColSpan": null,
          "Width": null,
          "TypeObj": null
        },
        {
          "Text": "<span>LG</span><em><span class=\"win\">2</span><span>vs</span><span class=\"lose\">0</span></em><span>KIA</span>",
          "Class": "play",
          "Scope": null,
          "RowSpan": null,
          "ColSpan": null,
          "Width": null,
          "TypeObj": null
        },
        {
          "Text": "<a href='/Schedule/GameCenter/Main.aspx?gameDate=20190323&gameId=20190323LGHT0&section=REVIEW' class='btn2 mr5' id='btnReview'>리뷰</a>",
          "Class": "relay",
          "Scope": null,
          "RowSpan": null,
          "ColSpan": null,
          "Width": null,
          "TypeObj": null
        },
        {
          "Text": "<a href='/Schedule/GameCenter/Main.aspx?gameDate=20190323&gameId=20190323LGHT0&section=HIGHLIGHT' class='btn2' id='btnHighlight' style='width:65px;'>하이라이트</a>",
          "Class": null,
          "Scope": null,
          "RowSpan": null,
          "ColSpan": null,
          "Width": null,
          "TypeObj": null
        },
        {
          "Text": "M-T",
          "Class": null,
          "Scope": null,
          "RowSpan": null,
          "ColSpan": null,
          "Width": null,
          "TypeObj": null
        },
        {
          "Text": "",
          "Class": null,
          "Scope": null,
          "RowSpan": null,
          "ColSpan": null,
          "Width": null,
          "TypeObj": null
        },
        {
          "Text": "광주",
          "Class": null,
          "Scope": null,
          "RowSpan": null,
          "ColSpan": null,
          "Width": null,
          "TypeObj": null
        },
        {
          "Text": "-",
          "Class": null,
          "Scope": null,
          "RowSpan": null,
          "ColSpan": null,
          "Width": null,
          "TypeObj": null
        }
      ],
      "Class": null,
      "OnClick": null,
      "Style": null,
      "Value": null,
      "Id": null
    },
    {
      "row": [
        {
          "Text": "03.24(일)",
          "Class": "day",
          "Scope": null,
          "RowSpan": "5",
          "ColSpan": null,
          "Width": null,
          "TypeObj": null
        },
        {
          "Text": "<b>14:00</b>",
          "Class": "time",
          "Scope": null,
          "RowSpan": null,
          "ColSpan": null,
          "Width": null,
          "TypeObj": null
        },
        {
          "Text": "<span>한화</span><em><span class=\"win\">11</span><span>vs</span><span class=\"lose\">1</span></em><span>두산</span>",
          "Class": "play",
          "Scope": null,
          "RowSpan": null,
          "ColSpan": null,
          "Width": null,
          "TypeObj": null
        },
        {
          "Text": "<a href='/Schedule/GameCenter/Main.aspx?gameDate=20190324&gameId=20190324HHOB0&section=REVIEW' class='btn2 mr5' id='btnReview'>리뷰</a>",
          "Class": "relay",
          "Scope": null,
          "RowSpan": null,
          "ColSpan": null,
          "Width": null,
          "TypeObj": null
        },
        {
          "Text": "<a href='/Schedule/GameCenter/Main.aspx?gameDate=20190324&gameId=20190324HHOB0&section=HIGHLIGHT' class='btn2' id='btnHighlight' style='width:65px;'>하이라이트</a>",
          "Class": null,
          "Scope": null,
          "RowSpan": null,
          "ColSpan": null,
          "Width": null,
          "TypeObj": null
        },
        {
          "Text": "MS-T",
          "Class": null,
          "Scope": null,
          "RowSpan": null,
          "ColSpan": null,
          "Width": null,
          "TypeObj": null
        },
        {
          "Text": "",
          "Class": null,
          "Scope": null,
          "RowSpan": null,
          "ColSpan": null,
          "Width": null,
          "TypeObj": null
        },
        {
          "Text": "잠실",
          "Class": null,
          "Scope": null,
          "RowSpan": null,
          "ColSpan": null,
          "Width": null,
          "TypeObj": null
        },
        {
          "Text": "-",
          "Class": null,
          "Scope": null,
          "RowSpan": null,
          "ColSpan": null,
          "Width": null,
          "TypeObj": null
        }
      ],
      "Class": null,
      "OnClick": null,
      "Style": null,
      "Value": null,
      "Id": null
    },
    {
      "row": [
        {
          "Text": "<b>14:00</b>",
          "Class": "time",
          "Scope": null,
          "RowSpan": null,
          "ColSpan": null,
          "Width": null,
          "TypeObj": null
        },
        {
          "Text": "<span>KT</span><em><span class=\"lose\">3</span><span>vs</span><span class=\"win\">6</span></em><span>SK</span>",
          "Class": "play",
          "Scope": null,
          "RowSpan": null,
          "ColSpan": null,
          "Width": null,
          "TypeObj": null
        },
        {
          "Text": "<a href='/Schedule/GameCenter/Main.aspx?gameDate=20190324&gameId=20190324KTSK0&section=REVIEW' class='btn2 mr5' id='btnReview'>리뷰</a>",
          "Class": "relay",
          "Scope": null,
          "RowSpan": null,
          "ColSpan": null,
          "Width": null,
          "TypeObj": null
        },
        {
          "Text": "<a href='/Schedule/GameCenter/Main.aspx?gameDate=20190324&gameId=20190324KTSK0&section=HIGHLIGHT' class='btn2' id='btnHighlight' style='width:65px;'>하이라이트</a>",
          "Class": null,
          "Scope": null,
          "RowSpan": null,
          "ColSpan": null,
          "Width": null,
          "TypeObj": null
        },
        {
          "Text": "KN-T",
          "Class": null,
          "Scope": null,
          "RowSpan": null,
          "ColSpan": null,
          "Width": null,
          "TypeObj": null
        },
        {
          "Text": "",
          "Class": null,
          "Scope": null,
          "RowSpan": null,
          "ColSpan": null,
          "Width": null,
          "TypeObj": null
        },
        {
          "Text": "문학",
          "Class": null,
          "Scope": null,
          "RowSpan": null,
          "ColSpan": null,
          "Width": null,
          "TypeObj": null
        },
        {
          "Text": "-",
          "Class": null,
          "Scope": null,
          "RowSpan": null,
          "ColSpan": null,
          "Width": null,
          "TypeObj": null
        }
      ],
      "Class": null,
      "OnClick": null,
      "Style": null,
      "Value": null,
      "Id": null
    },
    {
      "row": [
        {
          "Text": "<b>14:00</b>",
          "Class": "time",
          "Scope": null,
          "RowSpan": null,
          "ColSpan": null,
          "Width": null,
          "TypeObj": null
        },
        {
          "Text": "<span>키움</span><em><span class=\"lose\">2</span><span>vs</span><span class=\"win\">6</span></em><span>롯데</span>",
          "Class": "play",
          "Scope": null,
          "RowSpan": null,
          "ColSpan": null,
          "Width": null,
          "TypeObj": null
        },
        {
          "Text": "<a href='/Schedule/GameCenter/Main.aspx?gameDate=20190324&gameId=20190324WOLT0&section=REVIEW' class='btn2 mr5' id='btnReview'>리뷰</a>",
          "Class": "relay",
          "Scope": null,
          "RowSpan": null,
          "ColSpan": null,
          "Width": null,
          "TypeObj": null
        },
        {
          "Text": "<a href='/Schedule/GameCenter/Main.aspx?gameDate=20190324&gameId=20190324WOLT0&section=HIGHLIGHT' class='btn2' id='btnHighlight' style='width:65px;'>하이라이트</a>",
          "Class": null,
          "Scope": null,
          "RowSpan": null,
          "ColSpan": null,
          "Width": null,
          "TypeObj": null
        },
        {
          "Text": "SPO-2T",
          "Class": null,
          "Scope": null,
          "RowSpan": null,
          "ColSpan": null,
          "Width": null,
          "TypeObj": null
        },
        {
          "Text": "KNN-R<br />PM-R",
          "Class": null,
          "Scope": null,
          "RowSpan": null,
          "ColSpan": null,
          "Width": null,
          "TypeObj": null
        },
        {
          "Text": "사직",
          "Class": null,
          "Scope": null,
          "RowSpan": null,
          "ColSpan": null,
          "Width": null,
          "TypeObj": null
        },
        {
          "Text": "-",
          "Class": null,
          "Scope": null,
          "RowSpan": null,
          "ColSpan": null,
          "Width": null,
          "TypeObj": null
        }
      ],
      "Class": null,
      "OnClick": null,
      "Style": null,
      "Value": null,
      "Id": null
    },
    {
      "row": [
        {
          "Text": "<b>14:00</b>",
          "Class": "time",
          "Scope": null,
          "RowSpan": null,
          "ColSpan": null,
          "Width": null,
          "TypeObj": null
        },
        {
          "Text": "<span>삼성</span><em><span class=\"win\">4</span><span>vs</span><span class=\"lose\">3</span></em><span>NC</span>",
          "Class": "play",
          "Scope": null,
          "RowSpan": null,
          "ColSpan": null,
          "Width": null,
          "TypeObj": null
        },
        {
          "Text": "<a href='/Schedule/GameCenter/Main.aspx?gameDate=20190324&gameId=20190324SSNC0&section=REVIEW' class='btn2 mr5' id='btnReview'>리뷰</a>",
          "Class": "relay",
          "Scope": null,
          "RowSpan": null,
          "ColSpan": null,
          "Width": null,
          "TypeObj": null
        },
        {
          "Text": "<a href='/Schedule/GameCenter/Main.aspx?gameDate=20190324&gameId=20190324SSNC0&section=HIGHLIGHT' class='btn2' id='btnHighlight' style='width:65px;'>하이라이트</a>",
          "Class": null,
          "Scope": null,
          "RowSpan": null,
          "ColSpan": null,
          "Width": null,
          "TypeObj": null
        },
        {
          "Text": "SS-T",
          "Class": null,
          "Scope": null,
          "RowSpan": null,
          "ColSpan": null,
          "Width": null,
          "TypeObj": null
        },
        {
          "Text": "KNN-R<br />DM-R<br />GM-R",
          "Class": null,
          "Scope": null,
          "RowSpan": null,
          "ColSpan": null,
          "Width": null,
          "TypeObj": null
        },
        {
          "Text": "창원",
          "Class": null,
          "Scope": null,
          "RowSpan": null,
          "ColSpan": null,
          "Width": null,
          "TypeObj": null
        },
        {
          "Text": "-",
          "Class": null,
          "Scope": null,
          "RowSpan": null,
          "ColSpan": null,
          "Width": null,
          "TypeObj": null
        }
      ],
      "Class": null,
      "OnClick": null,
      "Style": null,
      "Value": null,
      "Id": null
    },
    {
      "row": [
        {
          "Text": "<b>14:00</b>",
          "Class": "time",
          "Scope": null,
          "RowSpan": null,
          "ColSpan": null,
          "Width": null,
          "TypeObj": null
        },
        {
          "Text": "<span>LG</span><em><span class=\"win\">9</span><span>vs</span><span class=\"lose\">3</span></em><span>KIA</span>",
          "Class": "play",
          "Scope": null,
          "RowSpan": null,
          "ColSpan": null,
          "Width": null,
          "TypeObj": null
        },
        {
          "Text": "<a href='/Schedule/GameCenter/Main.aspx?gameDate=20190324&gameId=20190324LGHT0&section=REVIEW' class='btn2 mr5' id='btnReview'>리뷰</a>",
          "Class": "relay",
          "Scope": null,
          "RowSpan": null,
          "ColSpan": null,
          "Width": null,
          "TypeObj": null
        },
        {
          "Text": "<a href='/Schedule/GameCenter/Main.aspx?gameDate=20190324&gameId=20190324LGHT0&section=HIGHLIGHT' class='btn2' id='btnHighlight' style='width:65px;'>하이라이트</a>",
          "Class": null,
          "Scope": null,
          "RowSpan": null,
          "ColSpan": null,
          "Width": null,
          "TypeObj": null
        },
        {
          "Text": "SPO-T",
          "Class": null,
          "Scope": null,
          "RowSpan": null,
          "ColSpan": null,
          "Width": null,
          "TypeObj": null
        },
        {
          "Text": "",
          "Class": null,
          "Scope": null,
          "RowSpan": null,
          "ColSpan": null,
          "Width": null,
          "TypeObj": null
        },
        {
          "Text": "광주",
          "Class": null,
          "Scope": null,
          "RowSpan": null,
          "ColSpan": null,
          "Width": null,
          "TypeObj": null
        },
        {
          "Text": "-",
          "Class": null,
          "Scope": null,
          "RowSpan": null,
          "ColSpan": null,
          "Width": null,
          "TypeObj": null
        }
      ],
      "Class": null,
      "OnClick": null,
      "Style": null,
      "Value": null,
      "Id": null
    },
    {
      "row": [
        {
          "Text": "03.26(화)",
          "Class": "day",
          "Scope": null,
          "RowSpan": "5",
          "ColSpan": null,
          "Width": null,
          "TypeObj": null
        },
        {
          "Text": "<b>18:30</b>",
          "Class": "time",
          "Scope": null,
          "RowSpan": null,
          "ColSpan": null,
          "Width": null,
          "TypeObj": null
        },
        {
          "Text": "<span>키움</span><em><span class=\"lose\">2</span><span>vs</span><span class=\"win\">7</span></em><span>두산</span>",
          "Class": "play",
          "Scope": null,
          "RowSpan": null,
          "ColSpan": null,
          "Width": null,
          "TypeObj": null
        },
        {
          "Text": "<a href='/Schedule/GameCenter/Main.aspx?gameDate=20190326&gameId=20190326WOOB0&section=REVIEW' class='btn2 mr5' id='btnReview'>리뷰</a>",
          "Class": "relay",
          "Scope": null,
          "RowSpan": null,
          "ColSpan": null,
          "Width": null,
          "TypeObj": null
        },
        {
          "Text": "<a href='/Schedule/GameCenter/Main.aspx?gameDate=20190326&gameId=20190326WOOB0&section=HIGHLIGHT' class='btn2' id='btnHighlight' style='width:65px;'>하이라이트</a>",
          "Class": null,
          "Scope": null,
          "RowSpan": null,
          "ColSpan": null,
          "Width": null,
          "TypeObj": null
        },
        {
          "Text": "SS-T",
          "Class": null,
          "Scope": null,
          "RowSpan": null,
          "ColSpan": null,
          "Width": null,
          "TypeObj": null
        },
        {
          "Text": "",
          "Class": null,
          "Scope": null,
          "RowSpan": null,
          "ColSpan": null,
          "Width": null,
          "TypeObj": null
        },
        {
          "Text": "잠실",
          "Class": null,
          "Scope": null,
          "RowSpan": null,
          "ColSpan": null,
          "Width": null,
          "TypeObj": null
        },
        {
          "Text": "-",
          "Class": null,
          "Scope": null,
          "RowSpan": null,
          "ColSpan": null,
          "Width": null,
          "TypeObj": null
        }
      ],
      "Class": null,
      "OnClick": null,
      "Style": null,
      "Value": null,
      "Id": null
    },
    {
      "row": [
        {
          "Text": "<b>18:30</b>",
          "Class": "time",
          "Scope": null,
          "RowSpan": null,
          "ColSpan": null,
          "Width": null,
          "TypeObj": null
        },
        {
          "Text": "<span>LG</span><em><span class=\"win\">6</span><span>vs</span><span class=\"lose\">3</span></em><span>SK</span>",
          "Class": "play",
          "Scope": null,
          "RowSpan": null,
          "ColSpan": null,
          "Width": null,
          "TypeObj": null
        },
        {
          "Text": "<a href='/Schedule/GameCenter/Main.aspx?gameDate=20190326&gameId=20190326LGSK0&section=REVIEW' class='btn2 mr5' id='btnReview'>리뷰</a>",
          "Class": "relay",
          "Scope": null,
          "RowSpan": null,
          "ColSpan": null,
          "Width": null,
          "TypeObj": null
        },
        {
          "Text": "<a href='/Schedule/GameCenter/Main.aspx?gameDate=20190326&gameId=20190326LGSK0&section=HIGHLIGHT' class='btn2' id='btnHighlight' style='width:65px;'>하이라이트</a>",
          "Class": null,
          "Scope": null,
          "RowSpan": null,
          "ColSpan": null,
          "Width": null,
          "TypeObj": null
        },
        {
          "Text": "SPO-2T",
          "Class": null,
          "Scope": null,
          "RowSpan": null,
          "ColSpan": null,
          "Width": null,
          "TypeObj": null
        },
        {
          "Text": "",
          "Class": null,
          "Scope": null,
          "RowSpan": null,
          "ColSpan": null,
          "Width": null,
          "TypeObj": null
        },
        {
          "Text": "문학",
          "Class": null,
          "Scope": null,
          "RowSpan": null,
          "ColSpan": null,
          "Width": null,
          "TypeObj": null
        },
        {
          "Text": "-",
          "Class": null,
          "Scope": null,
          "RowSpan": null,
          "ColSpan": null,
          "Width": null,
          "TypeObj": null
        }
      ],
      "Class": null,
      "OnClick": null,
      "Style": null,
      "Value": null,
      "Id": null
    },
    {
      "row": [
        {
          "Text": "<b>18:30</b>",
          "Class": "time",
          "Scope": null,
          "RowSpan": null,
          "ColSpan": null,
          "Width": null,
          "TypeObj": null
        },
        {
          "Text": "<span>삼성</span><em><span class=\"lose\">2</span><span>vs</span><span class=\"win\">7</span></em><span>롯데</span>",
          "Class": "play",
          "Scope": null,
          "RowSpan": null,
          "ColSpan": null,
          "Width": null,
          "TypeObj": null
        },
        {
          "Text": "<a href='/Schedule/GameCenter/Main.aspx?gameDate=20190326&gameId=20190326SSLT0&section=REVIEW' class='btn2 mr5' id='btnReview'>리뷰</a>",
          "Class": "relay",
          "Scope": null,
          "RowSpan": null,
          "ColSpan": null,
          "Width": null,
          "TypeObj": null
        },
        {
          "Text": "<a href='/Schedule/GameCenter/Main.aspx?gameDate=20190326&gameId=20190326SSLT0&section=HIGHLIGHT' class='btn2' id='btnHighlight' style='width:65px;'>하이라이트</a>",
          "Class": null,
          "Scope": null,
          "RowSpan": null,
          "ColSpan": null,
          "Width": null,
          "TypeObj": null
        },
        {
          "Text": "MS-T",
          "Class": null,
          "Scope": null,
          "RowSpan": null,
          "ColSpan": null,
          "Width": null,
          "TypeObj": null
        },
        {
          "Text": "T-R<br />KNN-R<br />PM-R",
          "Class": null,
          "Scope": null,
          "RowSpan": null,
          "ColSpan": null,
          "Width": null,
          "TypeObj": null
        },
        {
          "Text": "사직",
          "Class": null,
          "Scope": null,
          "RowSpan": null,
          "ColSpan": null,
          "Width": null,
          "TypeObj": null
        },
        {
          "Text": "-",
          "Class": null,
          "Scope": null,
          "RowSpan": null,
          "ColSpan": null,
          "Width": null,
          "TypeObj": null
        }
      ],
      "Class": null,
      "OnClick": null,
      "Style": null,
      "Value": null,
      "Id": null
    },
    {
      "row": [
        {
          "Text": "<b>18:30</b>",
          "Class": "time",
          "Scope": null,
          "RowSpan": null,
          "ColSpan": null,
          "Width": null,
          "TypeObj": null
        },
        {
          "Text": "<span>KT</span><em><span class=\"lose\">8</span><span>vs</span><span class=\"win\">9</span></em><span>NC</span>",
          "Class": "play",
          "Scope": null,
          "RowSpan": null,
          "ColSpan": null,
          "Width": null,
          "TypeObj": null
        },
        {
          "Text": "<a href='/Schedule/GameCenter/Main.aspx?gameDate=20190326&gameId=20190326KTNC0&section=REVIEW' class='btn2 mr5' id='btnReview'>리뷰</a>",
          "Class": "relay",
          "Scope": null,
          "RowSpan": null,
          "ColSpan": null,
          "Width": null,
          "TypeObj": null
        },
        {
          "Text": "<a href='/Schedule/GameCenter/Main.aspx?gameDate=20190326&gameId=20190326KTNC0&section=HIGHLIGHT' class='btn2' id='btnHighlight' style='width:65px;'>하이라이트</a>",
          "Class": null,
          "Scope": null,
          "RowSpan": null,
          "ColSpan": null,
          "Width": null,
          "TypeObj": null
        },
        {
          "Text": "",
          "Class": null,
          "Scope": null,
          "RowSpan": null,
          "ColSpan": null,
          "Width": null,
          "TypeObj": null
        },
        {
          "Text": "KNN-R<br />GM-R",
          "Class": null,
          "Scope": null,
          "RowSpan": null,
          "ColSpan": null,
          "Width": null,
          "TypeObj": null
        },
        {
          "Text": "창원",
          "Class": null,
          "Scope": null,
          "RowSpan": null,
          "ColSpan": null,
          "Width": null,
          "TypeObj": null
        },
        {
          "Text": "-",
          "Class": null,
          "Scope": null,
          "RowSpan": null,
          "ColSpan": null,
          "Width": null,
          "TypeObj": null
        }
      ],
      "Class": null,
      "OnClick": null,
      "Style": null,
      "Value": null,
      "Id": null
    },
    {
      "row": [
        {
          "Text": "<b>18:30</b>",
          "Class": "time",
          "Scope": null,
          "RowSpan": null,
          "ColSpan": null,
          "Width": null,
          "TypeObj": null
        },
        {
          "Text": "<span>한화</span><em><span class=\"win\">13</span><span>vs</span><span class=\"lose\">7</span></em><span>KIA</span>",
          "Class": "play",
          "Scope": null,
          "RowSpan": null,
          "ColSpan": null,
          "Width": null,
          "TypeObj": null
        },
        {
          "Text": "<a href='/Schedule/GameCenter/Main.aspx?gameDate=20190326&gameId=20190326HHHT0&section=REVIEW' class='btn2 mr5' id='btnReview'>리뷰</a>",
          "Class": "relay",
          "Scope": null,
          "RowSpan": null,
          "ColSpan": null,
          "Width": null,
          "TypeObj": null
        },
        {
          "Text": "<a href='/Schedule/GameCenter/Main.aspx?gameDate=20190326&gameId=20190326HHHT0&section=HIGHLIGHT' class='btn2' id='btnHighlight' style='width:65px;'>하이라이트</a>",
          "Class": null,
          "Scope": null,
          "RowSpan": null,
          "ColSpan": null,
          "Width": null,
          "TypeObj": null
        },
        {
          "Text": "SPO-T",
          "Class": null,
          "Scope": null,
          "RowSpan": null,
          "ColSpan": null,
          "Width": null,
          "TypeObj": null
        },
        {
          "Text": "",
          "Class": null,
          "Scope": null,
          "RowSpan": null,
          "ColSpan": null,
          "Width": null,
          "TypeObj": null
        },
        {
          "Text": "광주",
          "Class": null,
          "Scope": null,
          "RowSpan": null,
          "ColSpan": null,
          "Width": null,
          "TypeObj": null
        },
        {
          "Text": "-",
          "Class": null,
          "Scope": null,
          "RowSpan": null,
          "ColSpan": null,
          "Width": null,
          "TypeObj": null
        }
      ],
      "Class": null,
      "OnClick": null,
      "Style": null,
      "Value": null,
      "Id": null
    },
    {
      "row": [
        {
          "Text": "03.27(수)",
          "Class": "day",
          "Scope": null,
          "RowSpan": "5",
          "ColSpan": null,
          "Width": null,
          "TypeObj": null
        },
        {
          "Text": "<b>18:30</b>",
          "Class": "time",
          "Scope": null,
          "RowSpan": null,
          "ColSpan": null,
          "Width": null,
          "TypeObj": null
        },
        {
          "Text": "<span>키움</span><em><span class=\"lose\">2</span><span>vs</span><span class=\"win\">3</span></em><span>두산</span>",
          "Class": "play",
          "Scope": null,
          "RowSpan": null,
          "ColSpan": null,
          "Width": null,
          "TypeObj": null
        },
        {
          "Text": "<a href='/Schedule/GameCenter/Main.aspx?gameDate=20190327&gameId=20190327WOOB0&section=REVIEW' class='btn2 mr5' id='btnReview'>리뷰</a>",
          "Class": "relay",
          "Scope": null,
          "RowSpan": null,
          "ColSpan": null,
          "Width": null,
          "TypeObj": null
        },
        {
          "Text": "<a href='/Schedule/GameCenter/Main.aspx?gameDate=20190327&gameId=20190327WOOB0&section=HIGHLIGHT' class='btn2' id='btnHighlight' style='width:65px;'>하이라이트</a>",
          "Class": null,
          "Scope": null,
          "RowSpan": null,
          "ColSpan": null,
          "Width": null,
          "TypeObj": null
        },
        {
          "Text": "SS-T",
          "Class": null,
          "Scope": null,
          "RowSpan": null,
          "ColSpan": null,
          "Width": null,
          "TypeObj": null
        },
        {
          "Text": "",
          "Class": null,
          "Scope": null,
          "RowSpan": null,
          "ColSpan": null,
          "Width": null,
          "TypeObj": null
        },
        {
          "Text": "잠실",
          "Class": null,
          "Scope": null,
          "RowSpan": null,
          "ColSpan": null,
          "Width": null,
          "TypeObj": null
        },
        {
          "Text": "-",
          "Class": null,
          "Scope": null,
          "RowSpan": null,
          "ColSpan": null,
          "Width": null,
          "TypeObj": null
        }
      ],
      "Class": null,
      "OnClick": null,
      "Style": null,
      "Value": null,
      "Id": null
    },
    {
      "row": [
        {
          "Text": "<b>18:30</b>",
          "Class": "time",
          "Scope": null,
          "RowSpan": null,
          "ColSpan": null,
          "Width": null,
          "TypeObj": null
        },
        {
          "Text": "<span>LG</span><em><span class=\"lose\">1</span><span>vs</span><span class=\"win\">2</span></em><span>SK</span>",
          "Class": "play",
          "Scope": null,
          "RowSpan": null,
          "ColSpan": null,
          "Width": null,
          "TypeObj": null
        },
        {
          "Text": "<a href='/Schedule/GameCenter/Main.aspx?gameDate=20190327&gameId=20190327LGSK0&section=REVIEW' class='btn2 mr5' id='btnReview'>리뷰</a>",
          "Class": "relay",
          "Scope": null,
          "RowSpan": null,
          "ColSpan": null,
          "Width": null,
          "TypeObj": null
        },
        {
          "Text": "<a href='/Schedule/GameCenter/Main.aspx?gameDate=20190327&gameId=20190327LGSK0&section=HIGHLIGHT' class='btn2' id='btnHighlight' style='width:65px;'>하이라이트</a>",
          "Class": null,
          "Scope": null,
          "RowSpan": null,
          "ColSpan": null,
          "Width": null,
          "TypeObj": null
        },
        {
          "Text": "SPO-2T",
          "Class": null,
          "Scope": null,
          "RowSpan": null,
          "ColSpan": null,
          "Width": null,
          "TypeObj": null
        },
        {
          "Text": "",
          "Class": null,
          "Scope": null,
          "RowSpan": null,
          "ColSpan": null,
          "Width": null,
          "TypeObj": null
        },
        {
          "Text": "문학",
          "Class": null,
          "Scope": null,
          "RowSpan": null,
          "ColSpan": null,
          "Width": null,
          "TypeObj": null
        },
        {
          "Text": "-",
          "Class": null,
          "Scope": null,
          "RowSpan": null,
          "ColSpan": null,
          "Width": null,
          "TypeObj": null
        }
      ],
      "Class": null,
      "OnClick": null,
      "Style": null,
      "Value": null,
      "Id": null
    },
    {
      "row": [
        {
          "Text": "<b>18:30</b>",
          "Class": "time",
          "Scope": null,
          "RowSpan": null,
          "ColSpan": null,
          "Width": null,
          "TypeObj": null
        },
        {
          "Text": "<span>삼성</span><em><span class=\"win\">23</span><span>vs</span><span class=\"lose\">4</span></em><span>롯데</span>",
          "Class": "play",
          "Scope": null,
          "RowSpan": null,
          "ColSpan": null,
          "Width": null,
          "TypeObj": null
        },
        {
          "Text": "<a href='/Schedule/GameCenter/Main.aspx?gameDate=20190327&gameId=20190327SSLT0&section=REVIEW' class='btn2 mr5' id='btnReview'>리뷰</a>",
          "Class": "relay",
          "Scope": null,
          "RowSpan": null,
          "ColSpan": null,
          "Width": null,
          "TypeObj": null
        },
        {
          "Text": "<a href='/Schedule/GameCenter/Main.aspx?gameDate=20190327&gameId=20190327SSLT0&section=HIGHLIGHT' class='btn2' id='btnHighlight' style='width:65px;'>하이라이트</a>",
          "Class": null,
          "Scope": null,
          "RowSpan": null,
          "ColSpan": null,
          "Width": null,
          "TypeObj": null
        },
        {
          "Text": "MS-T",
          "Class": null,
          "Scope": null,
          "RowSpan": null,
          "ColSpan": null,
          "Width": null,
          "TypeObj": null
        },
        {
          "Text": "T-R<br />KNN-R<br />PM-R",
          "Class": null,
          "Scope": null,
          "RowSpan": null,
          "ColSpan": null,
          "Width": null,
          "TypeObj": null
        },
        {
          "Text": "사직",
          "Class": null,
          "Scope": null,
          "RowSpan": null,
          "ColSpan": null,
          "Width": null,
          "TypeObj": null
        },
        {
          "Text": "-",
          "Class": null,
          "Scope": null,
          "RowSpan": null,
          "ColSpan": null,
          "Width": null,
          "TypeObj": null
        }
      ],
      "Class": null,
      "OnClick": null,
      "Style": null,
      "Value": null,
      "Id": null
    },
    {
      "row": [
        {
          "Text": "<b>18:30</b>",
          "Class": "time",
          "Scope": null,
          "RowSpan": null,
          "ColSpan": null,
          "Width": null,
          "TypeObj": null
        },
        {
          "Text": "<span>KT</span><em><span class=\"lose\">1</span><span>vs</span><span class=\"win\">4</span></em><span>NC</span>",
          "Class": "play",
          "Scope": null,
          "RowSpan": null,
          "ColSpan": null,
          "Width": null,
          "TypeObj": null
        },
        {
          "Text": "<a href='/Schedule/GameCenter/Main.aspx?gameDate=20190327&gameId=20190327KTNC0&section=REVIEW' class='btn2 mr5' id='btnReview'>리뷰</a>",
          "Class": "relay",
          "Scope": null,
          "RowSpan": null,
          "ColSpan": null,
          "Width": null,
          "TypeObj": null
        },
        {
          "Text": "<a href='/Schedule/GameCenter/Main.aspx?gameDate=20190327&gameId=20190327KTNC0&section=HIGHLIGHT' class='btn2' id='btnHighlight' style='width:65px;'>하이라이트</a>",
          "Class": null,
          "Scope": null,
          "RowSpan": null,
          "ColSpan": null,
          "Width": null,
          "TypeObj": null
        },
        {
          "Text": "",
          "Class": null,
          "Scope": null,
          "RowSpan": null,
          "ColSpan": null,
          "Width": null,
          "TypeObj": null
        },
        {
          "Text": "KNN-R<br />GM-R",
          "Class": null,
          "Scope": null,
          "RowSpan": null,
          "ColSpan": null,
          "Width": null,
          "TypeObj": null
        },
        {
          "Text": "창원",
          "Class": null,
          "Scope": null,
          "RowSpan": null,
          "ColSpan": null,
          "Width": null,
          "TypeObj": null
        },
        {
          "Text": "-",
          "Class": null,
          "Scope": null,
          "RowSpan": null,
          "ColSpan": null,
          "Width": null,
          "TypeObj": null
        }
      ],
      "Class": null,
      "OnClick": null,
      "Style": null,
      "Value": null,
      "Id": null
    },
    {
      "row": [
        {
          "Text": "<b>18:30</b>",
          "Class": "time",
          "Scope": null,
          "RowSpan": null,
          "ColSpan": null,
          "Width": null,
          "TypeObj": null
        },
        {
          "Text": "<span>한화</span><em><span class=\"lose\">4</span><span>vs</span><span class=\"win\">9</span></em><span>KIA</span>",
          "Class": "play",
          "Scope": null,
          "RowSpan": null,
          "ColSpan": null,
          "Width": null,
          "TypeObj": null
        },
        {
          "Text": "<a href='/Schedule/GameCenter/Main.aspx?gameDate=20190327&gameId=20190327HHHT0&section=REVIEW' class='btn2 mr5' id='btnReview'>리뷰</a>",
          "Class": "relay",
          "Scope": null,
          "RowSpan": null,
          "ColSpan": null,
          "Width": null,
          "TypeObj": null
        },
        {
          "Text": "<a href='/Schedule/GameCenter/Main.aspx?gameDate=20190327&gameId=20190327HHHT0&section=HIGHLIGHT' class='btn2' id='btnHighlight' style='width:65px;'>하이라이트</a>",
          "Class": null,
          "Scope": null,
          "RowSpan": null,
          "ColSpan": null,
          "Width": null,
          "TypeObj": null
        },
        {
          "Text": "SPO-T",
          "Class": null,
          "Scope": null,
          "RowSpan": null,
          "ColSpan": null,
          "Width": null,
          "TypeObj": null
        },
        {
          "Text": "",
          "Class": null,
          "Scope": null,
          "RowSpan": null,
          "ColSpan": null,
          "Width": null,
          "TypeObj": null
        },
        {
          "Text": "광주",
          "Class": null,
          "Scope": null,
          "RowSpan": null,
          "ColSpan": null,
          "Width": null,
          "TypeObj": null
        },
        {
          "Text": "-",
          "Class": null,
          "Scope": null,
          "RowSpan": null,
          "ColSpan": null,
          "Width": null,
          "TypeObj": null
        }
      ],
      "Class": null,
      "OnClick": null,
      "Style": null,
      "Value": null,
      "Id": null
    },
    {
      "row": [
        {
          "Text": "03.28(목)",
          "Class": "day",
          "Scope": null,
          "RowSpan": "5",
          "ColSpan": null,
          "Width": null,
          "TypeObj": null
        },
        {
          "Text": "<b>18:30</b>",
          "Class": "time",
          "Scope": null,
          "RowSpan": null,
          "ColSpan": null,
          "Width": null,
          "TypeObj": null
        },
        {
          "Text": "<span>키움</span><em><span class=\"win\">5</span><span>vs</span><span class=\"lose\">4</span></em><span>두산</span>",
          "Class": "play",
          "Scope": null,
          "RowSpan": null,
          "ColSpan": null,
          "Width": null,
          "TypeObj": null
        },
        {
          "Text": "<a href='/Schedule/GameCenter/Main.aspx?gameDate=20190328&gameId=20190328WOOB0&section=REVIEW' class='btn2 mr5' id='btnReview'>리뷰</a>",
          "Class": "relay",
          "Scope": null,
          "RowSpan": null,
          "ColSpan": null,
          "Width": null,
          "TypeObj": null
        },
        {
          "Text": "<a href='/Schedule/GameCenter/Main.aspx?gameDate=20190328&gameId=20190328WOOB0&section=HIGHLIGHT' class='btn2' id='btnHighlight' style='width:65px;'>하이라이트</a>",
          "Class": null,
          "Scope": null,
          "RowSpan": null,
          "ColSpan": null,
          "Width": null,
          "TypeObj": null
        },
        {
          "Text": "SS-T",
          "Class": null,
          "Scope": null,
          "RowSpan": null,
          "ColSpan": null,
          "Width": null,
          "TypeObj": null
        },
        {
          "Text": "",
          "Class": null,
          "Scope": null,
          "RowSpan": null,
          "ColSpan": null,
          "Width": null,
          "TypeObj": null
        },
        {
          "Text": "잠실",
          "Class": null,
          "Scope": null,
          "RowSpan": null,
          "ColSpan": null,
          "Width": null,
          "TypeObj": null
        },
        {
          "Text": "-",
          "Class": null,
          "Scope": null,
          "RowSpan": null,
          "ColSpan": null,
          "Width": null,
          "TypeObj": null
        }
      ],
      "Class": null,
      "OnClick": null,
      "Style": null,
      "Value": null,
      "Id": null
    },
    {
      "row": [
        {
          "Text": "<b>18:30</b>",
          "Class": "time",
          "Scope": null,
          "RowSpan": null,
          "ColSpan": null,
          "Width": null,
          "TypeObj": null
        },
        {
          "Text": "<span>LG</span><em><span class=\"lose\">1</span><span>vs</span><span class=\"win\">3</span></em><span>SK</span>",
          "Class": "play",
          "Scope": null,
          "RowSpan": null,
          "ColSpan": null,
          "Width": null,
          "TypeObj": null
        },
        {
          "Text": "<a href='/Schedule/GameCenter/Main.aspx?gameDate=20190328&gameId=20190328LGSK0&section=REVIEW' class='btn2 mr5' id='btnReview'>리뷰</a>",
          "Class": "relay",
          "Scope": null,
          "RowSpan": null,
          "ColSpan": null,
          "Width": null,
          "TypeObj": null
        },
        {
          "Text": "<a href='/Schedule/GameCenter/Main.aspx?gameDate=20190328&gameId=20190328LGSK0&section=HIGHLIGHT' class='btn2' id='btnHighlight' style='width:65px;'>하이라이트</a>",
          "Class": null,
          "Scope": null,
          "RowSpan": null,
          "ColSpan": null,
          "Width": null,
          "TypeObj": null
        },
        {
          "Text": "SPO-2T",
          "Class": null,
          "Scope": null,
          "RowSpan": null,
          "ColSpan": null,
          "Width": null,
          "TypeObj": null
        },
        {
          "Text": "",
          "Class": null,
          "Scope": null,
          "RowSpan": null,
          "ColSpan": null,
          "Width": null,
          "TypeObj": null
        },
        {
          "Text": "문학",
          "Class": null,
          "Scope": null,
          "RowSpan": null,
          "ColSpan": null,
          "Width": null,
          "TypeObj": null
        },
        {
          "Text": "-",
          "Class": null,
          "Scope": null,
          "RowSpan": null,
          "ColSpan": null,
          "Width": null,
          "TypeObj": null
        }
      ],
      "Class": null,
      "OnClick": null,
      "Style": null,
      "Value": null,
      "Id": null
    },
    {
      "row": [
        {
          "Text": "<b>18:30</b>",
          "Class": "time",
          "Scope": null,
          "RowSpan": null,
          "ColSpan": null,
          "Width": null,
          "TypeObj": null
        },
        {
          "Text": "<span>삼성</span><em><span class=\"win\">12</span><span>vs</span><span class=\"lose\">7</span></em><span>롯데</span>",
          "Class": "play",
          "Scope": null,
          "RowSpan": null,
          "ColSpan": null,
          "Width": null,
          "TypeObj": null
        },
        {
          "Text": "<a href='/Schedule/GameCenter/Main.aspx?gameDate=20190328&gameId=20190328SSLT0&section=REVIEW' class='btn2 mr5' id='btnReview'>리뷰</a>",
          "Class": "relay",
          "Scope": null,
          "RowSpan": null,
          "ColSpan": null,
          "Width": null,
          "TypeObj": null
        },
        {
          "Text": "<a href='/Schedule/GameCenter/Main.aspx?gameDate=20190328&gameId=20190328SSLT0&section=HIGHLIGHT' class='btn2' id='btnHighlight' style='width:65px;'>하이라이트</a>",
          "Class": null,
          "Scope": null,
          "RowSpan": null,
          "ColSpan": null,
          "Width": null,
          "TypeObj": null
        },
        {
          "Text": "MS-T",
          "Class": null,
          "Scope": null,
          "RowSpan": null,
          "ColSpan": null,
          "Width": null,
          "TypeObj": null
        },
        {
          "Text": "T-R<br />KNN-R<br />PM-R",
          "Class": null,
          "Scope": null,
          "RowSpan": null,
          "ColSpan": null,
          "Width": null,
          "TypeObj": null
        },
        {
          "Text": "사직",
          "Class": null,
          "Scope": null,
          "RowSpan": null,
          "ColSpan": null,
          "Width": null,
          "TypeObj": null
        },
        {
          "Text": "-",
          "Class": null,
          "Scope": null,
          "RowSpan": null,
          "ColSpan": null,
          "Width": null,
          "TypeObj": null
        }
      ],
      "Class": null,
      "OnClick": null,
      "Style": null,
      "Value": null,
      "Id": null
    },
    {
      "row": [
        {
          "Text": "<b>18:30</b>",
          "Class": "time",
          "Scope": null,
          "RowSpan": null,
          "ColSpan": null,
          "Width": null,
          "TypeObj": null
        },
        {
          "Text": "<span>KT</span><em><span class=\"lose\">2</span><span>vs</span><span class=\"win\">6</span></em><span>NC</span>",
          "Class": "play",
          "Scope": null,
          "RowSpan": null,
          "ColSpan": null,
          "Width": null,
          "TypeObj": null
        },
        {
          "Text": "<a href='/Schedule/GameCenter/Main.aspx?gameDate=20190328&gameId=20190328KTNC0&section=REVIEW' class='btn2 mr5' id='btnReview'>리뷰</a>",
          "Class": "relay",
          "Scope": null,
          "RowSpan": null,
          "ColSpan": null,
          "Width": null,
          "TypeObj": null
        },
        {
          "Text": "<a href='/Schedule/GameCenter/Main.aspx?gameDate=20190328&gameId=20190328KTNC0&section=HIGHLIGHT' class='btn2' id='btnHighlight' style='width:65px;'>하이라이트</a>",
          "Class": null,
          "Scope": null,
          "RowSpan": null,
          "ColSpan": null,
          "Width": null,
          "TypeObj": null
        },
        {
          "Text": "KN-T",
          "Class": null,
          "Scope": null,
          "RowSpan": null,
          "ColSpan": null,
          "Width": null,
          "TypeObj": null
        },
        {
          "Text": "KNN-R<br />GM-R",
          "Class": null,
          "Scope": null,
          "RowSpan": null,
          "ColSpan": null,
          "Width": null,
          "TypeObj": null
        },
        {
          "Text": "창원",
          "Class": null,
          "Scope": null,
          "RowSpan": null,
          "ColSpan": null,
          "Width": null,
          "TypeObj": null
        },
        {
          "Text": "-",
          "Class": null,
          "Scope": null,
          "RowSpan": null,
          "ColSpan": null,
          "Width": null,
          "TypeObj": null
        }
      ],
      "Class": null,
      "OnClick": null,
      "Style": null,
      "Value": null,
      "Id": null
    },
    {
      "row": [
        {
          "Text": "<b>18:30</b>",
          "Class": "time",
          "Scope": null,
          "RowSpan": null,
          "ColSpan": null,
          "Width": null,
          "TypeObj": null
        },
        {
          "Text": "<span>한화</span><em><span class=\"lose\">4</span><span>vs</span><span class=\"win\">6</span></em><span>KIA</span>",
          "Class": "play",
          "Scope": null,
          "RowSpan": null,
          "ColSpan": null,
          "Width": null,
          "TypeObj": null
        },
        {
          "Text": "<a href='/Schedule/GameCenter/Main.aspx?gameDate=20190328&gameId=20190328HHHT0&section=REVIEW' class='btn2 mr5' id='btnReview'>리뷰</a>",
          "Class": "relay",
          "Scope": null,
          "RowSpan": null,
          "ColSpan": null,
          "Width": null,
          "TypeObj": null
        },
        {
          "Text": "<a href='/Schedule/GameCenter/Main.aspx?gameDate=20190328&gameId=20190328HHHT0&section=HIGHLIGHT' class='btn2' id='btnHighlight' style='width:65px;'>하이라이트</a>",
          "Class": null,
          "Scope": null,
          "RowSpan": null,
          "ColSpan": null,
          "Width": null,
          "TypeObj": null
        },
        {
          "Text": "SPO-T",
          "Class": null,
          "Scope": null,
          "RowSpan": null,
          "ColSpan": null,
          "Width": null,
          "TypeObj": null
        },
        {
          "Text": "",
          "Class": null,
          "Scope": null,
          "RowSpan": null,
          "ColSpan": null,
          "Width": null,
          "TypeObj": null
        },
        {
          "Text": "광주",
          "Class": null,
          "Scope": null,
          "RowSpan": null,
          "ColSpan": null,
          "Width": null,
          "TypeObj": null
        },
        {
          "Text": "-",
          "Class": null,
          "Scope": null,
          "RowSpan": null,
          "ColSpan": null,
          "Width": null,
          "TypeObj": null
        }
      ],
      "Class": null,
      "OnClick": null,
      "Style": null,
      "Value": null,
      "Id": null
    },
    {
      "row": [
        {
          "Text": "03.29(금)",
          "Class": "day",
          "Scope": null,
          "RowSpan": "5",
          "ColSpan": null,
          "Width": null,
          "TypeObj": null
        },
        {
          "Text": "<b>18:30</b>",
          "Class": "time",
          "Scope": null,
          "RowSpan": null,
          "ColSpan": null,
          "Width": null,
          "TypeObj": null
        },
        {
          "Text": "<span>롯데</span><em><span class=\"lose\">1</span><span>vs</span><span class=\"win\">2</span></em><span>LG</span>",
          "Class": "play",
          "Scope": null,
          "RowSpan": null,
          "ColSpan": null,
          "Width": null,
          "TypeObj": null
        },
        {
          "Text": "<a href='/Schedule/GameCenter/Main.aspx?gameDate=20190329&gameId=20190329LTLG0&section=REVIEW' class='btn2 mr5' id='btnReview'>리뷰</a>",
          "Class": "relay",
          "Scope": null,
          "RowSpan": null,
          "ColSpan": null,
          "Width": null,
          "TypeObj": null
        },
        {
          "Text": "<a href='/Schedule/GameCenter/Main.aspx?gameDate=20190329&gameId=20190329LTLG0&section=HIGHLIGHT' class='btn2' id='btnHighlight' style='width:65px;'>하이라이트</a>",
          "Class": null,
          "Scope": null,
          "RowSpan": null,
          "ColSpan": null,
          "Width": null,
          "TypeObj": null
        },
        {
          "Text": "SPO-2T",
          "Class": null,
          "Scope": null,
          "RowSpan": null,
          "ColSpan": null,
          "Width": null,
          "TypeObj": null
        },
        {
          "Text": "KNN-R<br />PM-R",
          "Class": null,
          "Scope": null,
          "RowSpan": null,
          "ColSpan": null,
          "Width": null,
          "TypeObj": null
        },
        {
          "Text": "잠실",
          "Class": null,
          "Scope": null,
          "RowSpan": null,
          "ColSpan": null,
          "Width": null,
          "TypeObj": null
        },
        {
          "Text": "-",
          "Class": null,
          "Scope": null,
          "RowSpan": null,
          "ColSpan": null,
          "Width": null,
          "TypeObj": null
        }
      ],
      "Class": null,
      "OnClick": null,
      "Style": null,
      "Value": null,
      "Id": null
    },
    {
      "row": [
        {
          "Text": "<b>18:30</b>",
          "Class": "time",
          "Scope": null,
          "RowSpan": null,
          "ColSpan": null,
          "Width": null,
          "TypeObj": null
        },
        {
          "Text": "<span>두산</span><em><span class=\"win\">3</span><span>vs</span><span class=\"lose\">2</span></em><span>삼성</span>",
          "Class": "play",
          "Scope": null,
          "RowSpan": null,
          "ColSpan": null,
          "Width": null,
          "TypeObj": null
        },
        {
          "Text": "<a href='/Schedule/GameCenter/Main.aspx?gameDate=20190329&gameId=20190329OBSS0&section=REVIEW' class='btn2 mr5' id='btnReview'>리뷰</a>",
          "Class": "relay",
          "Scope": null,
          "RowSpan": null,
          "ColSpan": null,
          "Width": null,
          "TypeObj": null
        },
        {
          "Text": "<a href='/Schedule/GameCenter/Main.aspx?gameDate=20190329&gameId=20190329OBSS0&section=HIGHLIGHT' class='btn2' id='btnHighlight' style='width:65px;'>하이라이트</a>",
          "Class": null,
          "Scope": null,
          "RowSpan": null,
          "ColSpan": null,
          "Width": null,
          "TypeObj": null
        },
        {
          "Text": "SS-T",
          "Class": null,
          "Scope": null,
          "RowSpan": null,
          "ColSpan": null,
          "Width": null,
          "TypeObj": null
        },
        {
          "Text": "T-R<br />DM-R",
          "Class": null,
          "Scope": null,
          "RowSpan": null,
          "ColSpan": null,
          "Width": null,
          "TypeObj": null
        },
        {
          "Text": "대구",
          "Class": null,
          "Scope": null,
          "RowSpan": null,
          "ColSpan": null,
          "Width": null,
          "TypeObj": null
        },
        {
          "Text": "-",
          "Class": null,
          "Scope": null,
          "RowSpan": null,
          "ColSpan": null,
          "Width": null,
          "TypeObj": null
        }
      ],
      "Class": null,
      "OnClick": null,
      "Style": null,
      "Value": null,
      "Id": null
    },
    {
      "row": [
        {
          "Text": "<b>18:30</b>",
          "Class": "time",
          "Scope": null,
          "RowSpan": null,
          "ColSpan": null,
          "Width": null,
          "TypeObj": null
        },
        {
          "Text": "<span>KIA</span><em><span class=\"lose\">3</span><span>vs</span><span class=\"win\">6</span></em><span>KT</span>",
          "Class": "play",
          "Scope": null,
          "RowSpan": null,
          "ColSpan": null,
          "Width": null,
          "TypeObj": null
        },
        {
          "Text": "<a href='/Schedule/GameCenter/Main.aspx?gameDate=20190329&gameId=20190329HTKT0&section=REVIEW' class='btn2 mr5' id='btnReview'>리뷰</a>",
          "Class": "relay",
          "Scope": null,
          "RowSpan": null,
          "ColSpan": null,
          "Width": null,
          "TypeObj": null
        },
        {
          "Text": "<a href='/Schedule/GameCenter/Main.aspx?gameDate=20190329&gameId=20190329HTKT0&section=HIGHLIGHT' class='btn2' id='btnHighlight' style='width:65px;'>하이라이트</a>",
          "Class": null,
          "Scope": null,
          "RowSpan": null,
          "ColSpan": null,
          "Width": null,
          "TypeObj": null
        },
        {
          "Text": "SPO-T",
          "Class": null,
          "Scope": null,
          "RowSpan": null,
          "ColSpan": null,
          "Width": null,
          "TypeObj": null
        },
        {
          "Text": "",
          "Class": null,
          "Scope": null,
          "RowSpan": null,
          "ColSpan": null,
          "Width": null,
          "TypeObj": null
        },
        {
          "Text": "수원",
          "Class": null,
          "Scope": null,
          "RowSpan": null,
          "ColSpan": null,
          "Width": null,
          "TypeObj": null
        },
        {
          "Text": "-",
          "Class": null,
          "Scope": null,
          "RowSpan": null,
          "ColSpan": null,
          "Width": null,
          "TypeObj": null
        }
      ],
      "Class": null,
      "OnClick": null,
      "Style": null,
      "Value": null,
      "Id": null
    },
    {
      "row": [
        {
          "Text": "<b>18:30</b>",
          "Class": "time",
          "Scope": null,
          "RowSpan": null,
          "ColSpan": null,
          "Width": null,
          "TypeObj": null
        },
        {
          "Text": "<span>SK</span><em><span class=\"win\">5</span><span>vs</span><span class=\"lose\">2</span></em><span>키움</span>",
          "Class": "play",
          "Scope": null,
          "RowSpan": null,
          "ColSpan": null,
          "Width": null,
          "TypeObj": null
        },
        {
          "Text": "<a href='/Schedule/GameCenter/Main.aspx?gameDate=20190329&gameId=20190329SKWO0&section=REVIEW' class='btn2 mr5' id='btnReview'>리뷰</a>",
          "Class": "relay",
          "Scope": null,
          "RowSpan": null,
          "ColSpan": null,
          "Width": null,
          "TypeObj": null
        },
        {
          "Text": "<a href='/Schedule/GameCenter/Main.aspx?gameDate=20190329&gameId=20190329SKWO0&section=HIGHLIGHT' class='btn2' id='btnHighlight' style='width:65px;'>하이라이트</a>",
          "Class": null,
          "Scope": null,
          "RowSpan": null,
          "ColSpan": null,
          "Width": null,
          "TypeObj": null
        },
        {
          "Text": "KN-T",
          "Class": null,
          "Scope": null,
          "RowSpan": null,
          "ColSpan": null,
          "Width": null,
          "TypeObj": null
        },
        {
          "Text": "",
          "Class": null,
          "Scope": null,
          "RowSpan": null,
          "ColSpan": null,
          "Width": null,
          "TypeObj": null
        },
        {
          "Text": "고척",
          "Class": null,
          "Scope": null,
          "RowSpan": null,
          "ColSpan": null,
          "Width": null,
          "TypeObj": null
        },
        {
          "Text": "-",
          "Class": null,
          "Scope": null,
          "RowSpan": null,
          "ColSpan": null,
          "Width": null,
          "TypeObj": null
        }
      ],
      "Class": null,
      "OnClick": null,
      "Style": null,
      "Value": null,
      "Id": null
    },
    {
      "row": [
        {
          "Text": "<b>18:30</b>",
          "Class": "time",
          "Scope": null,
          "RowSpan": null,
          "ColSpan": null,
          "Width": null,
          "TypeObj": null
        },
        {
          "Text": "<span>NC</span><em><span class=\"lose\">0</span><span>vs</span><span class=\"win\">9</span></em><span>한화</span>",
          "Class": "play",
          "Scope": null,
          "RowSpan": null,
          "ColSpan": null,
          "Width": null,
          "TypeObj": null
        },
        {
          "Text": "<a href='/Schedule/GameCenter/Main.aspx?gameDate=20190329&gameId=20190329NCHH0&section=REVIEW' class='btn2 mr5' id='btnReview'>리뷰</a>",
          "Class": "relay",
          "Scope": null,
          "RowSpan": null,
          "ColSpan": null,
          "Width": null,
          "TypeObj": null
        },
        {
          "Text": "<a href='/Schedule/GameCenter/Main.aspx?gameDate=20190329&gameId=20190329NCHH0&section=HIGHLIGHT' class='btn2' id='btnHighlight' style='width:65px;'>하이라이트</a>",
          "Class": null,
          "Scope": null,
          "RowSpan": null,
          "ColSpan": null,
          "Width": null,
          "TypeObj": null
        },
        {
          "Text": "MS-T",
          "Class": null,
          "Scope": null,
          "RowSpan": null,
          "ColSpan": null,
          "Width": null,
          "TypeObj": null
        },
        {
          "Text": "TJ-R<br />KNN-R<br />TM-R",
          "Class": null,
          "Scope": null,
          "RowSpan": null,
          "ColSpan": null,
          "Width": null,
          "TypeObj": null
        },
        {
          "Text": "대전",
          "Class": null,
          "Scope": null,
          "RowSpan": null,
          "ColSpan": null,
          "Width": null,
          "TypeObj": null
        },
        {
          "Text": "-",
          "Class": null,
          "Scope": null,
          "RowSpan": null,
          "ColSpan": null,
          "Width": null,
          "TypeObj": null
        }
      ],
      "Class": null,
      "OnClick": null,
      "Style": null,
      "Value": null,
      "Id": null
    },
    {
      "row": [
        {
          "Text": "03.30(토)",
          "Class": "day",
          "Scope": null,
          "RowSpan": "5",
          "ColSpan": null,
          "Width": null,
          "TypeObj": null
        },
        {
          "Text": "<b>17:00</b>",
          "Class": "time",
          "Scope": null,
          "RowSpan": null,
          "ColSpan": null,
          "Width": null,
          "TypeObj": null
        },
        {
          "Text": "<span>롯데</span><em><span class=\"win\">7</span><span>vs</span><span class=\"lose\">1</span></em><span>LG</span>",
          "Class": "play",
          "Scope": null,
          "RowSpan": null,
          "ColSpan": null,
          "Width": null,
          "TypeObj": null
        },
        {
          "Text": "<a href='/Schedule/GameCenter/Main.aspx?gameDate=20190330&gameId=20190330LTLG0&section=REVIEW' class='btn2 mr5' id='btnReview'>리뷰</a>",
          "Class": "relay",
          "Scope": null,
          "RowSpan": null,
          "ColSpan": null,
          "Width": null,
          "TypeObj": null
        },
        {
          "Text": "<a href='/Schedule/GameCenter/Main.aspx?gameDate=20190330&gameId=20190330LTLG0&section=HIGHLIGHT' class='btn2' id='btnHighlight' style='width:65px;'>하이라이트</a>",
          "Class": null,
          "Scope": null,
          "RowSpan": null,
          "ColSpan": null,
          "Width": null,
          "TypeObj": null
        },
        {
          "Text": "SPO-2T",
          "Class": null,
          "Scope": null,
          "RowSpan": null,
          "ColSpan": null,
          "Width": null,
          "TypeObj": null
        },
        {
          "Text": "KNN-R<br />PM-R",
          "Class": null,
          "Scope": null,
          "RowSpan": null,
          "ColSpan": null,
          "Width": null,
          "TypeObj": null
        },
        {
          "Text": "잠실",
          "Class": null,
          "Scope": null,
          "RowSpan": null,
          "ColSpan": null,
          "Width": null,
          "TypeObj": null
        },
        {
          "Text": "-",
          "Class": null,
          "Scope": null,
          "RowSpan": null,
          "ColSpan": null,
          "Width": null,
          "TypeObj": null
        }
      ],
      "Class": null,
      "OnClick": null,
      "Style": null,
      "Value": null,
      "Id": null
    },
    {
      "row": [
        {
          "Text": "<b>17:00</b>",
          "Class": "time",
          "Scope": null,
          "RowSpan": null,
          "ColSpan": null,
          "Width": null,
          "TypeObj": null
        },
        {
          "Text": "<span>두산</span><em><span class=\"win\">4</span><span>vs</span><span class=\"lose\">2</span></em><span>삼성</span>",
          "Class": "play",
          "Scope": null,
          "RowSpan": null,
          "ColSpan": null,
          "Width": null,
          "TypeObj": null
        },
        {
          "Text": "<a href='/Schedule/GameCenter/Main.aspx?gameDate=20190330&gameId=20190330OBSS0&section=REVIEW' class='btn2 mr5' id='btnReview'>리뷰</a>",
          "Class": "relay",
          "Scope": null,
          "RowSpan": null,
          "ColSpan": null,
          "Width": null,
          "TypeObj": null
        },
        {
          "Text": "<a href='/Schedule/GameCenter/Main.aspx?gameDate=20190330&gameId=20190330OBSS0&section=HIGHLIGHT' class='btn2' id='btnHighlight' style='width:65px;'>하이라이트</a>",
          "Class": null,
          "Scope": null,
          "RowSpan": null,
          "ColSpan": null,
          "Width": null,
          "TypeObj": null
        },
        {
          "Text": "SS-T",
          "Class": null,
          "Scope": null,
          "RowSpan": null,
          "ColSpan": null,
          "Width": null,
          "TypeObj": null
        },
        {
          "Text": "T-R",
          "Class": null,
          "Scope": null,
          "RowSpan": null,
          "ColSpan": null,
          "Width": null,
          "TypeObj": null
        },
        {
          "Text": "대구",
          "Class": null,
          "Scope": null,
          "RowSpan": null,
          "ColSpan": null,
          "Width": null,
          "TypeObj": null
        },
        {
          "Text": "-",
          "Class": null,
          "Scope": null,
          "RowSpan": null,
          "ColSpan": null,
          "Width": null,
          "TypeObj": null
        }
      ],
      "Class": null,
      "OnClick": null,
      "Style": null,
      "Value": null,
      "Id": null
    },
    {
      "row": [
        {
          "Text": "<b>17:00</b>",
          "Class": "time",
          "Scope": null,
          "RowSpan": null,
          "ColSpan": null,
          "Width": null,
          "TypeObj": null
        },
        {
          "Text": "<span>KIA</span><em><span class=\"lose\">2</span><span>vs</span><span class=\"win\">6</span></em><span>KT</span>",
          "Class": "play",
          "Scope": null,
          "RowSpan": null,
          "ColSpan": null,
          "Width": null,
          "TypeObj": null
        },
        {
          "Text": "<a href='/Schedule/GameCenter/Main.aspx?gameDate=20190330&gameId=20190330HTKT0&section=REVIEW' class='btn2 mr5' id='btnReview'>리뷰</a>",
          "Class": "relay",
          "Scope": null,
          "RowSpan": null,
          "ColSpan": null,
          "Width": null,
          "TypeObj": null
        },
        {
          "Text": "<a href='/Schedule/GameCenter/Main.aspx?gameDate=20190330&gameId=20190330HTKT0&section=HIGHLIGHT' class='btn2' id='btnHighlight' style='width:65px;'>하이라이트</a>",
          "Class": null,
          "Scope": null,
          "RowSpan": null,
          "ColSpan": null,
          "Width": null,
          "TypeObj": null
        },
        {
          "Text": "SPO-T",
          "Class": null,
          "Scope": null,
          "RowSpan": null,
          "ColSpan": null,
          "Width": null,
          "TypeObj": null
        },
        {
          "Text": "",
          "Class": null,
          "Scope": null,
          "RowSpan": null,
          "ColSpan": null,
          "Width": null,
          "TypeObj": null
        },
        {
          "Text": "수원",
          "Class": null,
          "Scope": null,
          "RowSpan": null,
          "ColSpan": null,
          "Width": null,
          "TypeObj": null
        },
        {
          "Text": "-",
          "Class": null,
          "Scope": null,
          "RowSpan": null,
          "ColSpan": null,
          "Width": null,
          "TypeObj": null
        }
      ],
      "Class": null,
      "OnClick": null,
      "Style": null,
      "Value": null,
      "Id": null
    },
    {
      "row": [
        {
          "Text": "<b>17:00</b>",
          "Class": "time",
          "Scope": null,
          "RowSpan": null,
          "ColSpan": null,
          "Width": null,
          "TypeObj": null
        },
        {
          "Text": "<span>SK</span><em><span class=\"lose\">1</span><span>vs</span><span class=\"win\">3</span></em><span>키움</span>",
          "Class": "play",
          "Scope": null,
          "RowSpan": null,
          "ColSpan": null,
          "Width": null,
          "TypeObj": null
        },
        {
          "Text": "<a href='/Schedule/GameCenter/Main.aspx?gameDate=20190330&gameId=20190330SKWO0&section=REVIEW' class='btn2 mr5' id='btnReview'>리뷰</a>",
          "Class": "relay",
          "Scope": null,
          "RowSpan": null,
          "ColSpan": null,
          "Width": null,
          "TypeObj": null
        },
        {
          "Text": "<a href='/Schedule/GameCenter/Main.aspx?gameDate=20190330&gameId=20190330SKWO0&section=HIGHLIGHT' class='btn2' id='btnHighlight' style='width:65px;'>하이라이트</a>",
          "Class": null,
          "Scope": null,
          "RowSpan": null,
          "ColSpan": null,
          "Width": null,
          "TypeObj": null
        },
        {
          "Text": "KN-T",
          "Class": null,
          "Scope": null,
          "RowSpan": null,
          "ColSpan": null,
          "Width": null,
          "TypeObj": null
        },
        {
          "Text": "S-R",
          "Class": null,
          "Scope": null,
          "RowSpan": null,
          "ColSpan": null,
          "Width": null,
          "TypeObj": null
        },
        {
          "Text": "고척",
          "Class": null,
          "Scope": null,
          "RowSpan": null,
          "ColSpan": null,
          "Width": null,
          "TypeObj": null
        },
        {
          "Text": "-",
          "Class": null,
          "Scope": null,
          "RowSpan": null,
          "ColSpan": null,
          "Width": null,
          "TypeObj": null
        }
      ],
      "Class": null,
      "OnClick": null,
      "Style": null,
      "Value": null,
      "Id": null
    },
    {
      "row": [
        {
          "Text": "<b>17:00</b>",
          "Class": "time",
          "Scope": null,
          "RowSpan": null,
          "ColSpan": null,
          "Width": null,
          "TypeObj": null
        },
        {
          "Text": "<span>NC</span><em><span class=\"lose\">5</span><span>vs</span><span class=\"win\">13</span></em><span>한화</span>",
          "Class": "play",
          "Scope": null,
          "RowSpan": null,
          "ColSpan": null,
          "Width": null,
          "TypeObj": null
        },
        {
          "Text": "<a href='/Schedule/GameCenter/Main.aspx?gameDate=20190330&gameId=20190330NCHH0&section=REVIEW' class='btn2 mr5' id='btnReview'>리뷰</a>",
          "Class": "relay",
          "Scope": null,
          "RowSpan": null,
          "ColSpan": null,
          "Width": null,
          "TypeObj": null
        },
        {
          "Text": "<a href='/Schedule/GameCenter/Main.aspx?gameDate=20190330&gameId=20190330NCHH0&section=HIGHLIGHT' class='btn2' id='btnHighlight' style='width:65px;'>하이라이트</a>",
          "Class": null,
          "Scope": null,
          "RowSpan": null,
          "ColSpan": null,
          "Width": null,
          "TypeObj": null
        },
        {
          "Text": "MS-T",
          "Class": null,
          "Scope": null,
          "RowSpan": null,
          "ColSpan": null,
          "Width": null,
          "TypeObj": null
        },
        {
          "Text": "KNN-R",
          "Class": null,
          "Scope": null,
          "RowSpan": null,
          "ColSpan": null,
          "Width": null,
          "TypeObj": null
        },
        {
          "Text": "대전",
          "Class": null,
          "Scope": null,
          "RowSpan": null,
          "ColSpan": null,
          "Width": null,
          "TypeObj": null
        },
        {
          "Text": "-",
          "Class": null,
          "Scope": null,
          "RowSpan": null,
          "ColSpan": null,
          "Width": null,
          "TypeObj": null
        }
      ],
      "Class": null,
      "OnClick": null,
      "Style": null,
      "Value": null,
      "Id": null
    },
    {
      "row": [
        {
          "Text": "03.31(일)",
          "Class": "day",
          "Scope": null,
          "RowSpan": "5",
          "ColSpan": null,
          "Width": null,
          "TypeObj": null
        },
        {
          "Text": "<b>14:00</b>",
          "Class": "time",
          "Scope": null,
          "RowSpan": null,
          "ColSpan": null,
          "Width": null,
          "TypeObj": null
        },
        {
          "Text": "<span>롯데</span><em><span class=\"lose\">5</span><span>vs</span><span class=\"win\">6</span></em><span>LG</span>",
          "Class": "play",
          "Scope": null,
          "RowSpan": null,
          "ColSpan": null,
          "Width": null,
          "TypeObj": null
        },
        {
          "Text": "<a href='/Schedule/GameCenter/Main.aspx?gameDate=20190331&gameId=20190331LTLG0&section=REVIEW' class='btn2 mr5' id='btnReview'>리뷰</a>",
          "Class": "relay",
          "Scope": null,
          "RowSpan": null,
          "ColSpan": null,
          "Width": null,
          "TypeObj": null
        },
        {
          "Text": "<a href='/Schedule/GameCenter/Main.aspx?gameDate=20190331&gameId=20190331LTLG0&section=HIGHLIGHT' class='btn2' id='btnHighlight' style='width:65px;'>하이라이트</a>",
          "Class": null,
          "Scope": null,
          "RowSpan": null,
          "ColSpan": null,
          "Width": null,
          "TypeObj": null
        },
        {
          "Text": "SPO-2T",
          "Class": null,
          "Scope": null,
          "RowSpan": null,
          "ColSpan": null,
          "Width": null,
          "TypeObj": null
        },
        {
          "Text": "KNN-R<br />PM-R",
          "Class": null,
          "Scope": null,
          "RowSpan": null,
          "ColSpan": null,
          "Width": null,
          "TypeObj": null
        },
        {
          "Text": "잠실",
          "Class": null,
          "Scope": null,
          "RowSpan": null,
          "ColSpan": null,
          "Width": null,
          "TypeObj": null
        },
        {
          "Text": "-",
          "Class": null,
          "Scope": null,
          "RowSpan": null,
          "ColSpan": null,
          "Width": null,
          "TypeObj": null
        }
      ],
      "Class": null,
      "OnClick": null,
      "Style": null,
      "Value": null,
      "Id": null
    },
    {
      "row": [
        {
          "Text": "<b>14:00</b>",
          "Class": "time",
          "Scope": null,
          "RowSpan": null,
          "ColSpan": null,
          "Width": null,
          "TypeObj": null
        },
        {
          "Text": "<span>두산</span><em><span class=\"win\">9</span><span>vs</span><span class=\"lose\">4</span></em><span>삼성</span>",
          "Class": "play",
          "Scope": null,
          "RowSpan": null,
          "ColSpan": null,
          "Width": null,
          "TypeObj": null
        },
        {
          "Text": "<a href='/Schedule/GameCenter/Main.aspx?gameDate=20190331&gameId=20190331OBSS0&section=REVIEW' class='btn2 mr5' id='btnReview'>리뷰</a>",
          "Class": "relay",
          "Scope": null,
          "RowSpan": null,
          "ColSpan": null,
          "Width": null,
          "TypeObj": null
        },
        {
          "Text": "<a href='/Schedule/GameCenter/Main.aspx?gameDate=20190331&gameId=20190331OBSS0&section=HIGHLIGHT' class='btn2' id='btnHighlight' style='width:65px;'>하이라이트</a>",
          "Class": null,
          "Scope": null,
          "RowSpan": null,
          "ColSpan": null,
          "Width": null,
          "TypeObj": null
        },
        {
          "Text": "SS-T",
          "Class": null,
          "Scope": null,
          "RowSpan": null,
          "ColSpan": null,
          "Width": null,
          "TypeObj": null
        },
        {
          "Text": "T-R",
          "Class": null,
          "Scope": null,
          "RowSpan": null,
          "ColSpan": null,
          "Width": null,
          "TypeObj": null
        },
        {
          "Text": "대구",
          "Class": null,
          "Scope": null,
          "RowSpan": null,
          "ColSpan": null,
          "Width": null,
          "TypeObj": null
        },
        {
          "Text": "-",
          "Class": null,
          "Scope": null,
          "RowSpan": null,
          "ColSpan": null,
          "Width": null,
          "TypeObj": null
        }
      ],
      "Class": null,
      "OnClick": null,
      "Style": null,
      "Value": null,
      "Id": null
    },
    {
      "row": [
        {
          "Text": "<b>14:00</b>",
          "Class": "time",
          "Scope": null,
          "RowSpan": null,
          "ColSpan": null,
          "Width": null,
          "TypeObj": null
        },
        {
          "Text": "<span>KIA</span><em><span class=\"win\">4</span><span>vs</span><span class=\"lose\">2</span></em><span>KT</span>",
          "Class": "play",
          "Scope": null,
          "RowSpan": null,
          "ColSpan": null,
          "Width": null,
          "TypeObj": null
        },
        {
          "Text": "<a href='/Schedule/GameCenter/Main.aspx?gameDate=20190331&gameId=20190331HTKT0&section=REVIEW' class='btn2 mr5' id='btnReview'>리뷰</a>",
          "Class": "relay",
          "Scope": null,
          "RowSpan": null,
          "ColSpan": null,
          "Width": null,
          "TypeObj": null
        },
        {
          "Text": "<a href='/Schedule/GameCenter/Main.aspx?gameDate=20190331&gameId=20190331HTKT0&section=HIGHLIGHT' class='btn2' id='btnHighlight' style='width:65px;'>하이라이트</a>",
          "Class": null,
          "Scope": null,
          "RowSpan": null,
          "ColSpan": null,
          "Width": null,
          "TypeObj": null
        },
        {
          "Text": "SPO-T",
          "Class": null,
          "Scope": null,
          "RowSpan": null,
          "ColSpan": null,
          "Width": null,
          "TypeObj": null
        },
        {
          "Text": "",
          "Class": null,
          "Scope": null,
          "RowSpan": null,
          "ColSpan": null,
          "Width": null,
          "TypeObj": null
        },
        {
          "Text": "수원",
          "Class": null,
          "Scope": null,
          "RowSpan": null,
          "ColSpan": null,
          "Width": null,
          "TypeObj": null
        },
        {
          "Text": "-",
          "Class": null,
          "Scope": null,
          "RowSpan": null,
          "ColSpan": null,
          "Width": null,
          "TypeObj": null
        }
      ],
      "Class": null,
      "OnClick": null,
      "Style": null,
      "Value": null,
      "Id": null
    },
    {
      "row": [
        {
          "Text": "<b>14:00</b>",
          "Class": "time",
          "Scope": null,
          "RowSpan": null,
          "ColSpan": null,
          "Width": null,
          "TypeObj": null
        },
        {
          "Text": "<span>SK</span><em><span class=\"win\">8</span><span>vs</span><span class=\"lose\">7</span></em><span>키움</span>",
          "Class": "play",
          "Scope": null,
          "RowSpan": null,
          "ColSpan": null,
          "Width": null,
          "TypeObj": null
        },
        {
          "Text": "<a href='/Schedule/GameCenter/Main.aspx?gameDate=20190331&gameId=20190331SKWO0&section=REVIEW' class='btn2 mr5' id='btnReview'>리뷰</a>",
          "Class": "relay",
          "Scope": null,
          "RowSpan": null,
          "ColSpan": null,
          "Width": null,
          "TypeObj": null
        },
        {
          "Text": "<a href='/Schedule/GameCenter/Main.aspx?gameDate=20190331&gameId=20190331SKWO0&section=HIGHLIGHT' class='btn2' id='btnHighlight' style='width:65px;'>하이라이트</a>",
          "Class": null,
          "Scope": null,
          "RowSpan": null,
          "ColSpan": null,
          "Width": null,
          "TypeObj": null
        },
        {
          "Text": "KN-T",
          "Class": null,
          "Scope": null,
          "RowSpan": null,
          "ColSpan": null,
          "Width": null,
          "TypeObj": null
        },
        {
          "Text": "",
          "Class": null,
          "Scope": null,
          "RowSpan": null,
          "ColSpan": null,
          "Width": null,
          "TypeObj": null
        },
        {
          "Text": "고척",
          "Class": null,
          "Scope": null,
          "RowSpan": null,
          "ColSpan": null,
          "Width": null,
          "TypeObj": null
        },
        {
          "Text": "-",
          "Class": null,
          "Scope": null,
          "RowSpan": null,
          "ColSpan": null,
          "Width": null,
          "TypeObj": null
        }
      ],
      "Class": null,
      "OnClick": null,
      "Style": null,
      "Value": null,
      "Id": null
    },
    {
      "row": [
        {
          "Text": "<b>14:00</b>",
          "Class": "time",
          "Scope": null,
          "RowSpan": null,
          "ColSpan": null,
          "Width": null,
          "TypeObj": null
        },
        {
          "Text": "<span>NC</span><em><span class=\"win\">6</span><span>vs</span><span class=\"lose\">3</span></em><span>한화</span>",
          "Class": "play",
          "Scope": null,
          "RowSpan": null,
          "ColSpan": null,
          "Width": null,
          "TypeObj": null
        },
        {
          "Text": "<a href='/Schedule/GameCenter/Main.aspx?gameDate=20190331&gameId=20190331NCHH0&section=REVIEW' class='btn2 mr5' id='btnReview'>리뷰</a>",
          "Class": "relay",
          "Scope": null,
          "RowSpan": null,
          "ColSpan": null,
          "Width": null,
          "TypeObj": null
        },
        {
          "Text": "<a href='/Schedule/GameCenter/Main.aspx?gameDate=20190331&gameId=20190331NCHH0&section=HIGHLIGHT' class='btn2' id='btnHighlight' style='width:65px;'>하이라이트</a>",
          "Class": null,
          "Scope": null,
          "RowSpan": null,
          "ColSpan": null,
          "Width": null,
          "TypeObj": null
        },
        {
          "Text": "MS-T",
          "Class": null,
          "Scope": null,
          "RowSpan": null,
          "ColSpan": null,
          "Width": null,
          "TypeObj": null
        },
        {
          "Text": "KNN-R",
          "Class": null,
          "Scope": null,
          "RowSpan": null,
          "ColSpan": null,
          "Width": null,
          "TypeObj": null
        },
        {
          "Text": "대전",
          "Class": null,
          "Scope": null,
          "RowSpan": null,
          "ColSpan": null,
          "Width": null,
          "TypeObj": null
        },
        {
          "Text": "-",
          "Class": null,
          "Scope": null,
          "RowSpan": null,
          "ColSpan": null,
          "Width": null,
          "TypeObj": null
        }
      ],
      "Class": null,
      "OnClick": null,
      "Style": null,
      "Value": null,
      "Id": null
    }
  ],
  "tfoot": [],
  "totalCnt": null,
  "headerClass": null,
  "tbodyClass": null,
  "tfootClass": null,
  "title": null,
  "caption": null,
  "result_cd": null,
  "result_msg": null,
  "code": null,
  "msg": null
}