﻿{
  "colgroup": [],
  "headers": [],
  "rows": [
    {
      "row": [
        {
          "Text": "10.02(화)",
          "Class": "day",
          "Scope": null,
          "RowSpan": "3",
          "ColSpan": null,
          "Width": null,
          "TypeObj": null
        },
        {
          "Text": "<b>18:30</b>",
          "Class": "time",
          "Scope": null,
          "RowSpan": null,
          "ColSpan": null,
          "Width": null,
          "TypeObj": null
        },
        {
          "Text": "<span>KT</span><em><span class=\"lose\">6</span><span>vs</span><span class=\"win\">10</span></em><span>LG</span>",
          "Class": "play",
          "Scope": null,
          "RowSpan": null,
          "ColSpan": null,
          "Width": null,
          "TypeObj": null
        },
        {
          "Text": "<a href='/Schedule/GameCenter/Main.aspx?gameDate=20181002&gameId=20181002KTLG0&section=REVIEW' class='btn2 mr5' id='btnReview'>리뷰</a>",
          "Class": "relay",
          "Scope": null,
          "RowSpan": null,
          "ColSpan": null,
          "Width": null,
          "TypeObj": null
        },
        {
          "Text": "<a href='/Schedule/GameCenter/Main.aspx?gameDate=20181002&gameId=20181002KTLG0&section=HIGHLIGHT' class='btn2' id='btnHighlight' style='width:65px;'>하이라이트</a>",
          "Class": null,
          "Scope": null,
          "RowSpan": null,
          "ColSpan": null,
          "Width": null,
          "TypeObj": null
        },
        {
          "Text": "KN-T<br />MS-T",
          "Class": null,
          "Scope": null,
          "RowSpan": null,
          "ColSpan": null,
          "Width": null,
          "TypeObj": null
        },
        {
          "Text": "",
          "Class": null,
          "Scope": null,
          "RowSpan": null,
          "ColSpan": null,
          "Width": null,
          "TypeObj": null
        },
        {
          "Text": "잠실",
          "Class": null,
          "Scope": null,
          "RowSpan": null,
          "ColSpan": null,
          "Width": null,
          "TypeObj": null
        },
        {
          "Text": "-",
          "Class": null,
          "Scope": null,
          "RowSpan": null,
          "ColSpan": null,
          "Width": null,
          "TypeObj": null
        }
      ],
      "Class": null,
      "OnClick": null,
      "Style": null,
      "Value": null,
      "Id": null
    },
    {
      "row": [
        {
          "Text": "<b>18:30</b>",
          "Class": "time",
          "Scope": null,
          "RowSpan": null,
          "ColSpan": null,
          "Width": null,
          "TypeObj": null
        },
        {
          "Text": "<span>롯데</span><em><span class=\"win\">8</span><span>vs</span><span class=\"lose\">6</span></em><span>SK</span>",
          "Class": "play",
          "Scope": null,
          "RowSpan": null,
          "ColSpan": null,
          "Width": null,
          "TypeObj": null
        },
        {
          "Text": "<a href='/Schedule/GameCenter/Main.aspx?gameDate=20181002&gameId=20181002LTSK0&section=REVIEW' class='btn2 mr5' id='btnReview'>리뷰</a>",
          "Class": "relay",
          "Scope": null,
          "RowSpan": null,
          "ColSpan": null,
          "Width": null,
          "TypeObj": null
        },
        {
          "Text": "<a href='/Schedule/GameCenter/Main.aspx?gameDate=20181002&gameId=20181002LTSK0&section=HIGHLIGHT' class='btn2' id='btnHighlight' style='width:65px;'>하이라이트</a>",
          "Class": null,
          "Scope": null,
          "RowSpan": null,
          "ColSpan": null,
          "Width": null,
          "TypeObj": null
        },
        {
          "Text": "SPO-T<br />SPO-2T",
          "Class": null,
          "Scope": null,
          "RowSpan": null,
          "ColSpan": null,
          "Width": null,
          "TypeObj": null
        },
        {
          "Text": "KNN-R<br />PM-R",
          "Class": null,
          "Scope": null,
          "RowSpan": null,
          "ColSpan": null,
          "Width": null,
          "TypeObj": null
        },
        {
          "Text": "문학",
          "Class": null,
          "Scope": null,
          "RowSpan": null,
          "ColSpan": null,
          "Width": null,
          "TypeObj": null
        },
        {
          "Text": "-",
          "Class": null,
          "Scope": null,
          "RowSpan": null,
          "ColSpan": null,
          "Width": null,
          "TypeObj": null
        }
      ],
      "Class": null,
      "OnClick": null,
      "Style": null,
      "Value": null,
      "Id": null
    },
    {
      "row": [
        {
          "Text": "<b>18:30</b>",
          "Class": "time",
          "Scope": null,
          "RowSpan": null,
          "ColSpan": null,
          "Width": null,
          "TypeObj": null
        },
        {
          "Text": "<span>NC</span><em><span class=\"win\">6</span><span>vs</span><span class=\"lose\">5</span></em><span>KIA</span>",
          "Class": "play",
          "Scope": null,
          "RowSpan": null,
          "ColSpan": null,
          "Width": null,
          "TypeObj": null
        },
        {
          "Text": "<a href='/Schedule/GameCenter/Main.aspx?gameDate=20181002&gameId=20181002NCHT0&section=REVIEW' class='btn2 mr5' id='btnReview'>리뷰</a>",
          "Class": "relay",
          "Scope": null,
          "RowSpan": null,
          "ColSpan": null,
          "Width": null,
          "TypeObj": null
        },
        {
          "Text": "<a href='/Schedule/GameCenter/Main.aspx?gameDate=20181002&gameId=20181002NCHT0&section=HIGHLIGHT' class='btn2' id='btnHighlight' style='width:65px;'>하이라이트</a>",
          "Class": null,
          "Scope": null,
          "RowSpan": null,
          "ColSpan": null,
          "Width": null,
          "TypeObj": null
        },
        {
          "Text": "SS-T<br />G-CMB",
          "Class": null,
          "Scope": null,
          "RowSpan": null,
          "ColSpan": null,
          "Width": null,
          "TypeObj": null
        },
        {
          "Text": "KNN-R<br />KBC-R",
          "Class": null,
          "Scope": null,
          "RowSpan": null,
          "ColSpan": null,
          "Width": null,
          "TypeObj": null
        },
        {
          "Text": "광주",
          "Class": null,
          "Scope": null,
          "RowSpan": null,
          "ColSpan": null,
          "Width": null,
          "TypeObj": null
        },
        {
          "Text": "-",
          "Class": null,
          "Scope": null,
          "RowSpan": null,
          "ColSpan": null,
          "Width": null,
          "TypeObj": null
        }
      ],
      "Class": null,
      "OnClick": null,
      "Style": null,
      "Value": null,
      "Id": null
    },
    {
      "row": [
        {
          "Text": "10.03(수)",
          "Class": "day",
          "Scope": null,
          "RowSpan": "3",
          "ColSpan": null,
          "Width": null,
          "TypeObj": null
        },
        {
          "Text": "<b>14:00</b>",
          "Class": "time",
          "Scope": null,
          "RowSpan": null,
          "ColSpan": null,
          "Width": null,
          "TypeObj": null
        },
        {
          "Text": "<span>KT</span><em><span class=\"win\">4</span><span>vs</span><span class=\"lose\">3</span></em><span>LG</span>",
          "Class": "play",
          "Scope": null,
          "RowSpan": null,
          "ColSpan": null,
          "Width": null,
          "TypeObj": null
        },
        {
          "Text": "<a href='/Schedule/GameCenter/Main.aspx?gameDate=20181003&gameId=20181003KTLG0&section=REVIEW' class='btn2 mr5' id='btnReview'>리뷰</a>",
          "Class": "relay",
          "Scope": null,
          "RowSpan": null,
          "ColSpan": null,
          "Width": null,
          "TypeObj": null
        },
        {
          "Text": "<a href='/Schedule/GameCenter/Main.aspx?gameDate=20181003&gameId=20181003KTLG0&section=HIGHLIGHT' class='btn2' id='btnHighlight' style='width:65px;'>하이라이트</a>",
          "Class": null,
          "Scope": null,
          "RowSpan": null,
          "ColSpan": null,
          "Width": null,
          "TypeObj": null
        },
        {
          "Text": "KN-T<br />MS-T",
          "Class": null,
          "Scope": null,
          "RowSpan": null,
          "ColSpan": null,
          "Width": null,
          "TypeObj": null
        },
        {
          "Text": "",
          "Class": null,
          "Scope": null,
          "RowSpan": null,
          "ColSpan": null,
          "Width": null,
          "TypeObj": null
        },
        {
          "Text": "잠실",
          "Class": null,
          "Scope": null,
          "RowSpan": null,
          "ColSpan": null,
          "Width": null,
          "TypeObj": null
        },
        {
          "Text": "-",
          "Class": null,
          "Scope": null,
          "RowSpan": null,
          "ColSpan": null,
          "Width": null,
          "TypeObj": null
        }
      ],
      "Class": null,
      "OnClick": null,
      "Style": null,
      "Value": null,
      "Id": null
    },
    {
      "row": [
        {
          "Text": "<b>14:00</b>",
          "Class": "time",
          "Scope": null,
          "RowSpan": null,
          "ColSpan": null,
          "Width": null,
          "TypeObj": null
        },
        {
          "Text": "<span>KIA</span><em><span class=\"lose\">5</span><span>vs</span><span class=\"win\">20</span></em><span>삼성</span>",
          "Class": "play",
          "Scope": null,
          "RowSpan": null,
          "ColSpan": null,
          "Width": null,
          "TypeObj": null
        },
        {
          "Text": "<a href='/Schedule/GameCenter/Main.aspx?gameDate=20181003&gameId=20181003HTSS0&section=REVIEW' class='btn2 mr5' id='btnReview'>리뷰</a>",
          "Class": "relay",
          "Scope": null,
          "RowSpan": null,
          "ColSpan": null,
          "Width": null,
          "TypeObj": null
        },
        {
          "Text": "<a href='/Schedule/GameCenter/Main.aspx?gameDate=20181003&gameId=20181003HTSS0&section=HIGHLIGHT' class='btn2' id='btnHighlight' style='width:65px;'>하이라이트</a>",
          "Class": null,
          "Scope": null,
          "RowSpan": null,
          "ColSpan": null,
          "Width": null,
          "TypeObj": null
        },
        {
          "Text": "SS-T",
          "Class": null,
          "Scope": null,
          "RowSpan": null,
          "ColSpan": null,
          "Width": null,
          "TypeObj": null
        },
        {
          "Text": "T-R",
          "Class": null,
          "Scope": null,
          "RowSpan": null,
          "ColSpan": null,
          "Width": null,
          "TypeObj": null
        },
        {
          "Text": "대구",
          "Class": null,
          "Scope": null,
          "RowSpan": null,
          "ColSpan": null,
          "Width": null,
          "TypeObj": null
        },
        {
          "Text": "-",
          "Class": null,
          "Scope": null,
          "RowSpan": null,
          "ColSpan": null,
          "Width": null,
          "TypeObj": null
        }
      ],
      "Class": null,
      "OnClick": null,
      "Style": null,
      "Value": null,
      "Id": null
    },
    {
      "row": [
        {
          "Text": "<b>14:00</b>",
          "Class": "time",
          "Scope": null,
          "RowSpan": null,
          "ColSpan": null,
          "Width": null,
          "TypeObj": null
        },
        {
          "Text": "<span>롯데</span><em><span class=\"lose\">6</span><span>vs</span><span class=\"win\">7</span></em><span>한화</span>",
          "Class": "play",
          "Scope": null,
          "RowSpan": null,
          "ColSpan": null,
          "Width": null,
          "TypeObj": null
        },
        {
          "Text": "<a href='/Schedule/GameCenter/Main.aspx?gameDate=20181003&gameId=20181003LTHH0&section=REVIEW' class='btn2 mr5' id='btnReview'>리뷰</a>",
          "Class": "relay",
          "Scope": null,
          "RowSpan": null,
          "ColSpan": null,
          "Width": null,
          "TypeObj": null
        },
        {
          "Text": "<a href='/Schedule/GameCenter/Main.aspx?gameDate=20181003&gameId=20181003LTHH0&section=HIGHLIGHT' class='btn2' id='btnHighlight' style='width:65px;'>하이라이트</a>",
          "Class": null,
          "Scope": null,
          "RowSpan": null,
          "ColSpan": null,
          "Width": null,
          "TypeObj": null
        },
        {
          "Text": "SPO-T<br />SPO-2T<br />D-CMB",
          "Class": null,
          "Scope": null,
          "RowSpan": null,
          "ColSpan": null,
          "Width": null,
          "TypeObj": null
        },
        {
          "Text": "KNN-R<br />TM-R<br />PM-R",
          "Class": null,
          "Scope": null,
          "RowSpan": null,
          "ColSpan": null,
          "Width": null,
          "TypeObj": null
        },
        {
          "Text": "대전",
          "Class": null,
          "Scope": null,
          "RowSpan": null,
          "ColSpan": null,
          "Width": null,
          "TypeObj": null
        },
        {
          "Text": "-",
          "Class": null,
          "Scope": null,
          "RowSpan": null,
          "ColSpan": null,
          "Width": null,
          "TypeObj": null
        }
      ],
      "Class": null,
      "OnClick": null,
      "Style": null,
      "Value": null,
      "Id": null
    },
    {
      "row": [
        {
          "Text": "10.04(목)",
          "Class": "day",
          "Scope": null,
          "RowSpan": "2",
          "ColSpan": null,
          "Width": null,
          "TypeObj": null
        },
        {
          "Text": "<b>18:30</b>",
          "Class": "time",
          "Scope": null,
          "RowSpan": null,
          "ColSpan": null,
          "Width": null,
          "TypeObj": null
        },
        {
          "Text": "<span>KIA</span><em><span class=\"win\">7</span><span>vs</span><span class=\"lose\">3</span></em><span>SK</span>",
          "Class": "play",
          "Scope": null,
          "RowSpan": null,
          "ColSpan": null,
          "Width": null,
          "TypeObj": null
        },
        {
          "Text": "<a href='/Schedule/GameCenter/Main.aspx?gameDate=20181004&gameId=20181004HTSK0&section=REVIEW' class='btn2 mr5' id='btnReview'>리뷰</a>",
          "Class": "relay",
          "Scope": null,
          "RowSpan": null,
          "ColSpan": null,
          "Width": null,
          "TypeObj": null
        },
        {
          "Text": "<a href='/Schedule/GameCenter/Main.aspx?gameDate=20181004&gameId=20181004HTSK0&section=HIGHLIGHT' class='btn2' id='btnHighlight' style='width:65px;'>하이라이트</a>",
          "Class": null,
          "Scope": null,
          "RowSpan": null,
          "ColSpan": null,
          "Width": null,
          "TypeObj": null
        },
        {
          "Text": "KN-T<br />SS-T",
          "Class": null,
          "Scope": null,
          "RowSpan": null,
          "ColSpan": null,
          "Width": null,
          "TypeObj": null
        },
        {
          "Text": "",
          "Class": null,
          "Scope": null,
          "RowSpan": null,
          "ColSpan": null,
          "Width": null,
          "TypeObj": null
        },
        {
          "Text": "문학",
          "Class": null,
          "Scope": null,
          "RowSpan": null,
          "ColSpan": null,
          "Width": null,
          "TypeObj": null
        },
        {
          "Text": "-",
          "Class": null,
          "Scope": null,
          "RowSpan": null,
          "ColSpan": null,
          "Width": null,
          "TypeObj": null
        }
      ],
      "Class": null,
      "OnClick": null,
      "Style": null,
      "Value": null,
      "Id": null
    },
    {
      "row": [
        {
          "Text": "<b>18:30</b>",
          "Class": "time",
          "Scope": null,
          "RowSpan": null,
          "ColSpan": null,
          "Width": null,
          "TypeObj": null
        },
        {
          "Text": "<span>롯데</span><em><span class=\"win\">7</span><span>vs</span><span class=\"lose\">2</span></em><span>한화</span>",
          "Class": "play",
          "Scope": null,
          "RowSpan": null,
          "ColSpan": null,
          "Width": null,
          "TypeObj": null
        },
        {
          "Text": "<a href='/Schedule/GameCenter/Main.aspx?gameDate=20181004&gameId=20181004LTHH0&section=REVIEW' class='btn2 mr5' id='btnReview'>리뷰</a>",
          "Class": "relay",
          "Scope": null,
          "RowSpan": null,
          "ColSpan": null,
          "Width": null,
          "TypeObj": null
        },
        {
          "Text": "<a href='/Schedule/GameCenter/Main.aspx?gameDate=20181004&gameId=20181004LTHH0&section=HIGHLIGHT' class='btn2' id='btnHighlight' style='width:65px;'>하이라이트</a>",
          "Class": null,
          "Scope": null,
          "RowSpan": null,
          "ColSpan": null,
          "Width": null,
          "TypeObj": null
        },
        {
          "Text": "MS-T<br />SPO-T<br />SPO-2T<br />D-CMB",
          "Class": null,
          "Scope": null,
          "RowSpan": null,
          "ColSpan": null,
          "Width": null,
          "TypeObj": null
        },
        {
          "Text": "KNN-R<br />TM-R<br />PM-R",
          "Class": null,
          "Scope": null,
          "RowSpan": null,
          "ColSpan": null,
          "Width": null,
          "TypeObj": null
        },
        {
          "Text": "대전",
          "Class": null,
          "Scope": null,
          "RowSpan": null,
          "ColSpan": null,
          "Width": null,
          "TypeObj": null
        },
        {
          "Text": "-",
          "Class": null,
          "Scope": null,
          "RowSpan": null,
          "ColSpan": null,
          "Width": null,
          "TypeObj": null
        }
      ],
      "Class": null,
      "OnClick": null,
      "Style": null,
      "Value": null,
      "Id": null
    },
    {
      "row": [
        {
          "Text": "10.05(금)",
          "Class": "day",
          "Scope": null,
          "RowSpan": "2",
          "ColSpan": null,
          "Width": null,
          "TypeObj": null
        },
        {
          "Text": "<b>18:30</b>",
          "Class": "time",
          "Scope": null,
          "RowSpan": null,
          "ColSpan": null,
          "Width": null,
          "TypeObj": null
        },
        {
          "Text": "<span>KIA</span><em><span>vs</span></em><span>SK</span>",
          "Class": "play",
          "Scope": null,
          "RowSpan": null,
          "ColSpan": null,
          "Width": null,
          "TypeObj": null
        },
        {
          "Text": "",
          "Class": "relay",
          "Scope": null,
          "RowSpan": null,
          "ColSpan": null,
          "Width": null,
          "TypeObj": null
        },
        {
          "Text": "",
          "Class": null,
          "Scope": null,
          "RowSpan": null,
          "ColSpan": null,
          "Width": null,
          "TypeObj": null
        },
        {
          "Text": "KN-T<br />MS-T",
          "Class": null,
          "Scope": null,
          "RowSpan": null,
          "ColSpan": null,
          "Width": null,
          "TypeObj": null
        },
        {
          "Text": "",
          "Class": null,
          "Scope": null,
          "RowSpan": null,
          "ColSpan": null,
          "Width": null,
          "TypeObj": null
        },
        {
          "Text": "문학",
          "Class": null,
          "Scope": null,
          "RowSpan": null,
          "ColSpan": null,
          "Width": null,
          "TypeObj": null
        },
        {
          "Text": "우천취소",
          "Class": null,
          "Scope": null,
          "RowSpan": null,
          "ColSpan": null,
          "Width": null,
          "TypeObj": null
        }
      ],
      "Class": null,
      "OnClick": null,
      "Style": null,
      "Value": null,
      "Id": null
    },
    {
      "row": [
        {
          "Text": "<b>18:30</b>",
          "Class": "time",
          "Scope": null,
          "RowSpan": null,
          "ColSpan": null,
          "Width": null,
          "TypeObj": null
        },
        {
          "Text": "<span>두산</span><em><span>vs</span></em><span>롯데</span>",
          "Class": "play",
          "Scope": null,
          "RowSpan": null,
          "ColSpan": null,
          "Width": null,
          "TypeObj": null
        },
        {
          "Text": "",
          "Class": "relay",
          "Scope": null,
          "RowSpan": null,
          "ColSpan": null,
          "Width": null,
          "TypeObj": null
        },
        {
          "Text": "",
          "Class": null,
          "Scope": null,
          "RowSpan": null,
          "ColSpan": null,
          "Width": null,
          "TypeObj": null
        },
        {
          "Text": "SS-T<br />SPO-T<br />SPO-2T",
          "Class": null,
          "Scope": null,
          "RowSpan": null,
          "ColSpan": null,
          "Width": null,
          "TypeObj": null
        },
        {
          "Text": "KNN-R<br />PM-R",
          "Class": null,
          "Scope": null,
          "RowSpan": null,
          "ColSpan": null,
          "Width": null,
          "TypeObj": null
        },
        {
          "Text": "사직",
          "Class": null,
          "Scope": null,
          "RowSpan": null,
          "ColSpan": null,
          "Width": null,
          "TypeObj": null
        },
        {
          "Text": "우천취소",
          "Class": null,
          "Scope": null,
          "RowSpan": null,
          "ColSpan": null,
          "Width": null,
          "TypeObj": null
        }
      ],
      "Class": null,
      "OnClick": null,
      "Style": null,
      "Value": null,
      "Id": null
    },
    {
      "row": [
        {
          "Text": "10.06(토)",
          "Class": "day",
          "Scope": null,
          "RowSpan": "6",
          "ColSpan": null,
          "Width": null,
          "TypeObj": null
        },
        {
          "Text": "<b>15:00</b>",
          "Class": "time",
          "Scope": null,
          "RowSpan": null,
          "ColSpan": null,
          "Width": null,
          "TypeObj": null
        },
        {
          "Text": "<span>KIA</span><em><span class=\"win\">8</span><span>vs</span><span class=\"lose\">4</span></em><span>SK</span>",
          "Class": "play",
          "Scope": null,
          "RowSpan": null,
          "ColSpan": null,
          "Width": null,
          "TypeObj": null
        },
        {
          "Text": "<a href='/Schedule/GameCenter/Main.aspx?gameDate=20181006&gameId=20181006HTSK1&section=REVIEW' class='btn2 mr5' id='btnReview'>리뷰</a>",
          "Class": "relay",
          "Scope": null,
          "RowSpan": null,
          "ColSpan": null,
          "Width": null,
          "TypeObj": null
        },
        {
          "Text": "<a href='/Schedule/GameCenter/Main.aspx?gameDate=20181006&gameId=20181006HTSK1&section=HIGHLIGHT' class='btn2' id='btnHighlight' style='width:65px;'>하이라이트</a>",
          "Class": null,
          "Scope": null,
          "RowSpan": null,
          "ColSpan": null,
          "Width": null,
          "TypeObj": null
        },
        {
          "Text": "KN-T<br />SS-T<br />SPO-2T",
          "Class": null,
          "Scope": null,
          "RowSpan": null,
          "ColSpan": null,
          "Width": null,
          "TypeObj": null
        },
        {
          "Text": "",
          "Class": null,
          "Scope": null,
          "RowSpan": null,
          "ColSpan": null,
          "Width": null,
          "TypeObj": null
        },
        {
          "Text": "문학",
          "Class": null,
          "Scope": null,
          "RowSpan": null,
          "ColSpan": null,
          "Width": null,
          "TypeObj": null
        },
        {
          "Text": "-",
          "Class": null,
          "Scope": null,
          "RowSpan": null,
          "ColSpan": null,
          "Width": null,
          "TypeObj": null
        }
      ],
      "Class": null,
      "OnClick": null,
      "Style": null,
      "Value": null,
      "Id": null
    },
    {
      "row": [
        {
          "Text": "<b>17:00</b>",
          "Class": "time",
          "Scope": null,
          "RowSpan": null,
          "ColSpan": null,
          "Width": null,
          "TypeObj": null
        },
        {
          "Text": "<span>넥센</span><em><span class=\"lose\">5</span><span>vs</span><span class=\"win\">6</span></em><span>NC</span>",
          "Class": "play",
          "Scope": null,
          "RowSpan": null,
          "ColSpan": null,
          "Width": null,
          "TypeObj": null
        },
        {
          "Text": "<a href='/Schedule/GameCenter/Main.aspx?gameDate=20181006&gameId=20181006WONC0&section=REVIEW' class='btn2 mr5' id='btnReview'>리뷰</a>",
          "Class": "relay",
          "Scope": null,
          "RowSpan": null,
          "ColSpan": null,
          "Width": null,
          "TypeObj": null
        },
        {
          "Text": "<a href='/Schedule/GameCenter/Main.aspx?gameDate=20181006&gameId=20181006WONC0&section=HIGHLIGHT' class='btn2' id='btnHighlight' style='width:65px;'>하이라이트</a>",
          "Class": null,
          "Scope": null,
          "RowSpan": null,
          "ColSpan": null,
          "Width": null,
          "TypeObj": null
        },
        {
          "Text": "SPO-T",
          "Class": null,
          "Scope": null,
          "RowSpan": null,
          "ColSpan": null,
          "Width": null,
          "TypeObj": null
        },
        {
          "Text": "KNN-R<br />GM-R",
          "Class": null,
          "Scope": null,
          "RowSpan": null,
          "ColSpan": null,
          "Width": null,
          "TypeObj": null
        },
        {
          "Text": "마산",
          "Class": null,
          "Scope": null,
          "RowSpan": null,
          "ColSpan": null,
          "Width": null,
          "TypeObj": null
        },
        {
          "Text": "-",
          "Class": null,
          "Scope": null,
          "RowSpan": null,
          "ColSpan": null,
          "Width": null,
          "TypeObj": null
        }
      ],
      "Class": null,
      "OnClick": null,
      "Style": null,
      "Value": null,
      "Id": null
    },
    {
      "row": [
        {
          "Text": "<b>17:00</b>",
          "Class": "time",
          "Scope": null,
          "RowSpan": null,
          "ColSpan": null,
          "Width": null,
          "TypeObj": null
        },
        {
          "Text": "<span>LG</span><em><span class=\"win\">3</span><span>vs</span><span class=\"lose\">1</span></em><span>두산</span>",
          "Class": "play",
          "Scope": null,
          "RowSpan": null,
          "ColSpan": null,
          "Width": null,
          "TypeObj": null
        },
        {
          "Text": "<a href='/Schedule/GameCenter/Main.aspx?gameDate=20181006&gameId=20181006LGOB0&section=REVIEW' class='btn2 mr5' id='btnReview'>리뷰</a>",
          "Class": "relay",
          "Scope": null,
          "RowSpan": null,
          "ColSpan": null,
          "Width": null,
          "TypeObj": null
        },
        {
          "Text": "<a href='/Schedule/GameCenter/Main.aspx?gameDate=20181006&gameId=20181006LGOB0&section=HIGHLIGHT' class='btn2' id='btnHighlight' style='width:65px;'>하이라이트</a>",
          "Class": null,
          "Scope": null,
          "RowSpan": null,
          "ColSpan": null,
          "Width": null,
          "TypeObj": null
        },
        {
          "Text": "KN-T",
          "Class": null,
          "Scope": null,
          "RowSpan": null,
          "ColSpan": null,
          "Width": null,
          "TypeObj": null
        },
        {
          "Text": "",
          "Class": null,
          "Scope": null,
          "RowSpan": null,
          "ColSpan": null,
          "Width": null,
          "TypeObj": null
        },
        {
          "Text": "잠실",
          "Class": null,
          "Scope": null,
          "RowSpan": null,
          "ColSpan": null,
          "Width": null,
          "TypeObj": null
        },
        {
          "Text": "-",
          "Class": null,
          "Scope": null,
          "RowSpan": null,
          "ColSpan": null,
          "Width": null,
          "TypeObj": null
        }
      ],
      "Class": null,
      "OnClick": null,
      "Style": null,
      "Value": null,
      "Id": null
    },
    {
      "row": [
        {
          "Text": "<b>17:00</b>",
          "Class": "time",
          "Scope": null,
          "RowSpan": null,
          "ColSpan": null,
          "Width": null,
          "TypeObj": null
        },
        {
          "Text": "<span>한화</span><em><span class=\"lose\">5</span><span>vs</span><span class=\"win\">8</span></em><span>롯데</span>",
          "Class": "play",
          "Scope": null,
          "RowSpan": null,
          "ColSpan": null,
          "Width": null,
          "TypeObj": null
        },
        {
          "Text": "<a href='/Schedule/GameCenter/Main.aspx?gameDate=20181006&gameId=20181006HHLT0&section=REVIEW' class='btn2 mr5' id='btnReview'>리뷰</a>",
          "Class": "relay",
          "Scope": null,
          "RowSpan": null,
          "ColSpan": null,
          "Width": null,
          "TypeObj": null
        },
        {
          "Text": "<a href='/Schedule/GameCenter/Main.aspx?gameDate=20181006&gameId=20181006HHLT0&section=HIGHLIGHT' class='btn2' id='btnHighlight' style='width:65px;'>하이라이트</a>",
          "Class": null,
          "Scope": null,
          "RowSpan": null,
          "ColSpan": null,
          "Width": null,
          "TypeObj": null
        },
        {
          "Text": "MS-T",
          "Class": null,
          "Scope": null,
          "RowSpan": null,
          "ColSpan": null,
          "Width": null,
          "TypeObj": null
        },
        {
          "Text": "KNN-R<br />PM-R",
          "Class": null,
          "Scope": null,
          "RowSpan": null,
          "ColSpan": null,
          "Width": null,
          "TypeObj": null
        },
        {
          "Text": "사직",
          "Class": null,
          "Scope": null,
          "RowSpan": null,
          "ColSpan": null,
          "Width": null,
          "TypeObj": null
        },
        {
          "Text": "-",
          "Class": null,
          "Scope": null,
          "RowSpan": null,
          "ColSpan": null,
          "Width": null,
          "TypeObj": null
        }
      ],
      "Class": null,
      "OnClick": null,
      "Style": null,
      "Value": null,
      "Id": null
    },
    {
      "row": [
        {
          "Text": "<b>17:00</b>",
          "Class": "time",
          "Scope": null,
          "RowSpan": null,
          "ColSpan": null,
          "Width": null,
          "TypeObj": null
        },
        {
          "Text": "<span>삼성</span><em><span class=\"lose\">1</span><span>vs</span><span class=\"win\">6</span></em><span>KT</span>",
          "Class": "play",
          "Scope": null,
          "RowSpan": null,
          "ColSpan": null,
          "Width": null,
          "TypeObj": null
        },
        {
          "Text": "<a href='/Schedule/GameCenter/Main.aspx?gameDate=20181006&gameId=20181006SSKT0&section=REVIEW' class='btn2 mr5' id='btnReview'>리뷰</a>",
          "Class": "relay",
          "Scope": null,
          "RowSpan": null,
          "ColSpan": null,
          "Width": null,
          "TypeObj": null
        },
        {
          "Text": "<a href='/Schedule/GameCenter/Main.aspx?gameDate=20181006&gameId=20181006SSKT0&section=HIGHLIGHT' class='btn2' id='btnHighlight' style='width:65px;'>하이라이트</a>",
          "Class": null,
          "Scope": null,
          "RowSpan": null,
          "ColSpan": null,
          "Width": null,
          "TypeObj": null
        },
        {
          "Text": "SS-T",
          "Class": null,
          "Scope": null,
          "RowSpan": null,
          "ColSpan": null,
          "Width": null,
          "TypeObj": null
        },
        {
          "Text": "T-R",
          "Class": null,
          "Scope": null,
          "RowSpan": null,
          "ColSpan": null,
          "Width": null,
          "TypeObj": null
        },
        {
          "Text": "수원",
          "Class": null,
          "Scope": null,
          "RowSpan": null,
          "ColSpan": null,
          "Width": null,
          "TypeObj": null
        },
        {
          "Text": "-",
          "Class": null,
          "Scope": null,
          "RowSpan": null,
          "ColSpan": null,
          "Width": null,
          "TypeObj": null
        }
      ],
      "Class": null,
      "OnClick": null,
      "Style": null,
      "Value": null,
      "Id": null
    },
    {
      "row": [
        {
          "Text": "",
          "Class": "time",
          "Scope": null,
          "RowSpan": null,
          "ColSpan": null,
          "Width": null,
          "TypeObj": null
        },
        {
          "Text": "<span>KIA</span><em><span class=\"lose\">5</span><span>vs</span><span class=\"win\">7</span></em><span>SK</span>",
          "Class": "play",
          "Scope": null,
          "RowSpan": null,
          "ColSpan": null,
          "Width": null,
          "TypeObj": null
        },
        {
          "Text": "<a href='/Schedule/GameCenter/Main.aspx?gameDate=20181006&gameId=20181006HTSK2&section=REVIEW' class='btn2 mr5' id='btnReview'>리뷰</a>",
          "Class": "relay",
          "Scope": null,
          "RowSpan": null,
          "ColSpan": null,
          "Width": null,
          "TypeObj": null
        },
        {
          "Text": "<a href='/Schedule/GameCenter/Main.aspx?gameDate=20181006&gameId=20181006HTSK2&section=HIGHLIGHT' class='btn2' id='btnHighlight' style='width:65px;'>하이라이트</a>",
          "Class": null,
          "Scope": null,
          "RowSpan": null,
          "ColSpan": null,
          "Width": null,
          "TypeObj": null
        },
        {
          "Text": "",
          "Class": null,
          "Scope": null,
          "RowSpan": null,
          "ColSpan": null,
          "Width": null,
          "TypeObj": null
        },
        {
          "Text": "",
          "Class": null,
          "Scope": null,
          "RowSpan": null,
          "ColSpan": null,
          "Width": null,
          "TypeObj": null
        },
        {
          "Text": "문학",
          "Class": null,
          "Scope": null,
          "RowSpan": null,
          "ColSpan": null,
          "Width": null,
          "TypeObj": null
        },
        {
          "Text": "-",
          "Class": null,
          "Scope": null,
          "RowSpan": null,
          "ColSpan": null,
          "Width": null,
          "TypeObj": null
        }
      ],
      "Class": null,
      "OnClick": null,
      "Style": null,
      "Value": null,
      "Id": null
    },
    {
      "row": [
        {
          "Text": "10.07(일)",
          "Class": "day",
          "Scope": null,
          "RowSpan": "2",
          "ColSpan": null,
          "Width": null,
          "TypeObj": null
        },
        {
          "Text": "<b>14:00</b>",
          "Class": "time",
          "Scope": null,
          "RowSpan": null,
          "ColSpan": null,
          "Width": null,
          "TypeObj": null
        },
        {
          "Text": "<span>롯데</span><em><span class=\"win\">8</span><span>vs</span><span class=\"lose\">2</span></em><span>NC</span>",
          "Class": "play",
          "Scope": null,
          "RowSpan": null,
          "ColSpan": null,
          "Width": null,
          "TypeObj": null
        },
        {
          "Text": "<a href='/Schedule/GameCenter/Main.aspx?gameDate=20181007&gameId=20181007LTNC0&section=REVIEW' class='btn2 mr5' id='btnReview'>리뷰</a>",
          "Class": "relay",
          "Scope": null,
          "RowSpan": null,
          "ColSpan": null,
          "Width": null,
          "TypeObj": null
        },
        {
          "Text": "<a href='/Schedule/GameCenter/Main.aspx?gameDate=20181007&gameId=20181007LTNC0&section=HIGHLIGHT' class='btn2' id='btnHighlight' style='width:65px;'>하이라이트</a>",
          "Class": null,
          "Scope": null,
          "RowSpan": null,
          "ColSpan": null,
          "Width": null,
          "TypeObj": null
        },
        {
          "Text": "KN-T<br />SS-T<br />SPO-T",
          "Class": null,
          "Scope": null,
          "RowSpan": null,
          "ColSpan": null,
          "Width": null,
          "TypeObj": null
        },
        {
          "Text": "KNN-R<br />PM-R<br />GM-R",
          "Class": null,
          "Scope": null,
          "RowSpan": null,
          "ColSpan": null,
          "Width": null,
          "TypeObj": null
        },
        {
          "Text": "마산",
          "Class": null,
          "Scope": null,
          "RowSpan": null,
          "ColSpan": null,
          "Width": null,
          "TypeObj": null
        },
        {
          "Text": "-",
          "Class": null,
          "Scope": null,
          "RowSpan": null,
          "ColSpan": null,
          "Width": null,
          "TypeObj": null
        }
      ],
      "Class": null,
      "OnClick": null,
      "Style": null,
      "Value": null,
      "Id": null
    },
    {
      "row": [
        {
          "Text": "<b>14:00</b>",
          "Class": "time",
          "Scope": null,
          "RowSpan": null,
          "ColSpan": null,
          "Width": null,
          "TypeObj": null
        },
        {
          "Text": "<span>KIA</span><em><span class=\"lose\">4</span><span>vs</span><span class=\"win\">7</span></em><span>두산</span>",
          "Class": "play",
          "Scope": null,
          "RowSpan": null,
          "ColSpan": null,
          "Width": null,
          "TypeObj": null
        },
        {
          "Text": "<a href='/Schedule/GameCenter/Main.aspx?gameDate=20181007&gameId=20181007HTOB0&section=REVIEW' class='btn2 mr5' id='btnReview'>리뷰</a>",
          "Class": "relay",
          "Scope": null,
          "RowSpan": null,
          "ColSpan": null,
          "Width": null,
          "TypeObj": null
        },
        {
          "Text": "<a href='/Schedule/GameCenter/Main.aspx?gameDate=20181007&gameId=20181007HTOB0&section=HIGHLIGHT' class='btn2' id='btnHighlight' style='width:65px;'>하이라이트</a>",
          "Class": null,
          "Scope": null,
          "RowSpan": null,
          "ColSpan": null,
          "Width": null,
          "TypeObj": null
        },
        {
          "Text": "MS-T<br />SPO-2T",
          "Class": null,
          "Scope": null,
          "RowSpan": null,
          "ColSpan": null,
          "Width": null,
          "TypeObj": null
        },
        {
          "Text": "",
          "Class": null,
          "Scope": null,
          "RowSpan": null,
          "ColSpan": null,
          "Width": null,
          "TypeObj": null
        },
        {
          "Text": "잠실",
          "Class": null,
          "Scope": null,
          "RowSpan": null,
          "ColSpan": null,
          "Width": null,
          "TypeObj": null
        },
        {
          "Text": "-",
          "Class": null,
          "Scope": null,
          "RowSpan": null,
          "ColSpan": null,
          "Width": null,
          "TypeObj": null
        }
      ],
      "Class": null,
      "OnClick": null,
      "Style": null,
      "Value": null,
      "Id": null
    },
    {
      "row": [
        {
          "Text": "10.09(화)",
          "Class": "day",
          "Scope": null,
          "RowSpan": "3",
          "ColSpan": null,
          "Width": null,
          "TypeObj": null
        },
        {
          "Text": "<b>14:00</b>",
          "Class": "time",
          "Scope": null,
          "RowSpan": null,
          "ColSpan": null,
          "Width": null,
          "TypeObj": null
        },
        {
          "Text": "<span>삼성</span><em><span class=\"win\">8</span><span>vs</span><span class=\"lose\">4</span></em><span>SK</span>",
          "Class": "play",
          "Scope": null,
          "RowSpan": null,
          "ColSpan": null,
          "Width": null,
          "TypeObj": null
        },
        {
          "Text": "<a href='/Schedule/GameCenter/Main.aspx?gameDate=20181009&gameId=20181009SSSK0&section=REVIEW' class='btn2 mr5' id='btnReview'>리뷰</a>",
          "Class": "relay",
          "Scope": null,
          "RowSpan": null,
          "ColSpan": null,
          "Width": null,
          "TypeObj": null
        },
        {
          "Text": "<a href='/Schedule/GameCenter/Main.aspx?gameDate=20181009&gameId=20181009SSSK0&section=HIGHLIGHT' class='btn2' id='btnHighlight' style='width:65px;'>하이라이트</a>",
          "Class": null,
          "Scope": null,
          "RowSpan": null,
          "ColSpan": null,
          "Width": null,
          "TypeObj": null
        },
        {
          "Text": "MS-T<br />SPO-T<br />SPO-2T",
          "Class": null,
          "Scope": null,
          "RowSpan": null,
          "ColSpan": null,
          "Width": null,
          "TypeObj": null
        },
        {
          "Text": "T-R",
          "Class": null,
          "Scope": null,
          "RowSpan": null,
          "ColSpan": null,
          "Width": null,
          "TypeObj": null
        },
        {
          "Text": "문학",
          "Class": null,
          "Scope": null,
          "RowSpan": null,
          "ColSpan": null,
          "Width": null,
          "TypeObj": null
        },
        {
          "Text": "-",
          "Class": null,
          "Scope": null,
          "RowSpan": null,
          "ColSpan": null,
          "Width": null,
          "TypeObj": null
        }
      ],
      "Class": null,
      "OnClick": null,
      "Style": null,
      "Value": null,
      "Id": null
    },
    {
      "row": [
        {
          "Text": "<b>14:00</b>",
          "Class": "time",
          "Scope": null,
          "RowSpan": null,
          "ColSpan": null,
          "Width": null,
          "TypeObj": null
        },
        {
          "Text": "<span>KIA</span><em><span class=\"lose\">10</span><span>vs</span><span class=\"win\">11</span></em><span>롯데</span>",
          "Class": "play",
          "Scope": null,
          "RowSpan": null,
          "ColSpan": null,
          "Width": null,
          "TypeObj": null
        },
        {
          "Text": "<a href='/Schedule/GameCenter/Main.aspx?gameDate=20181009&gameId=20181009HTLT0&section=REVIEW' class='btn2 mr5' id='btnReview'>리뷰</a>",
          "Class": "relay",
          "Scope": null,
          "RowSpan": null,
          "ColSpan": null,
          "Width": null,
          "TypeObj": null
        },
        {
          "Text": "<a href='/Schedule/GameCenter/Main.aspx?gameDate=20181009&gameId=20181009HTLT0&section=HIGHLIGHT' class='btn2' id='btnHighlight' style='width:65px;'>하이라이트</a>",
          "Class": null,
          "Scope": null,
          "RowSpan": null,
          "ColSpan": null,
          "Width": null,
          "TypeObj": null
        },
        {
          "Text": "S-T",
          "Class": null,
          "Scope": null,
          "RowSpan": null,
          "ColSpan": null,
          "Width": null,
          "TypeObj": null
        },
        {
          "Text": "KNN-R<br />PM-R",
          "Class": null,
          "Scope": null,
          "RowSpan": null,
          "ColSpan": null,
          "Width": null,
          "TypeObj": null
        },
        {
          "Text": "사직",
          "Class": null,
          "Scope": null,
          "RowSpan": null,
          "ColSpan": null,
          "Width": null,
          "TypeObj": null
        },
        {
          "Text": "-",
          "Class": null,
          "Scope": null,
          "RowSpan": null,
          "ColSpan": null,
          "Width": null,
          "TypeObj": null
        }
      ],
      "Class": null,
      "OnClick": null,
      "Style": null,
      "Value": null,
      "Id": null
    },
    {
      "row": [
        {
          "Text": "<b>14:00</b>",
          "Class": "time",
          "Scope": null,
          "RowSpan": null,
          "ColSpan": null,
          "Width": null,
          "TypeObj": null
        },
        {
          "Text": "<span>한화</span><em><span class=\"win\">10</span><span>vs</span><span class=\"lose\">6</span></em><span>KT</span>",
          "Class": "play",
          "Scope": null,
          "RowSpan": null,
          "ColSpan": null,
          "Width": null,
          "TypeObj": null
        },
        {
          "Text": "<a href='/Schedule/GameCenter/Main.aspx?gameDate=20181009&gameId=20181009HHKT0&section=REVIEW' class='btn2 mr5' id='btnReview'>리뷰</a>",
          "Class": "relay",
          "Scope": null,
          "RowSpan": null,
          "ColSpan": null,
          "Width": null,
          "TypeObj": null
        },
        {
          "Text": "<a href='/Schedule/GameCenter/Main.aspx?gameDate=20181009&gameId=20181009HHKT0&section=HIGHLIGHT' class='btn2' id='btnHighlight' style='width:65px;'>하이라이트</a>",
          "Class": null,
          "Scope": null,
          "RowSpan": null,
          "ColSpan": null,
          "Width": null,
          "TypeObj": null
        },
        {
          "Text": "KN-T<br />SS-T",
          "Class": null,
          "Scope": null,
          "RowSpan": null,
          "ColSpan": null,
          "Width": null,
          "TypeObj": null
        },
        {
          "Text": "",
          "Class": null,
          "Scope": null,
          "RowSpan": null,
          "ColSpan": null,
          "Width": null,
          "TypeObj": null
        },
        {
          "Text": "수원",
          "Class": null,
          "Scope": null,
          "RowSpan": null,
          "ColSpan": null,
          "Width": null,
          "TypeObj": null
        },
        {
          "Text": "-",
          "Class": null,
          "Scope": null,
          "RowSpan": null,
          "ColSpan": null,
          "Width": null,
          "TypeObj": null
        }
      ],
      "Class": null,
      "OnClick": null,
      "Style": null,
      "Value": null,
      "Id": null
    },
    {
      "row": [
        {
          "Text": "10.10(수)",
          "Class": "day",
          "Scope": null,
          "RowSpan": "4",
          "ColSpan": null,
          "Width": null,
          "TypeObj": null
        },
        {
          "Text": "<b>15:00</b>",
          "Class": "time",
          "Scope": null,
          "RowSpan": null,
          "ColSpan": null,
          "Width": null,
          "TypeObj": null
        },
        {
          "Text": "<span>KT</span><em><span class=\"win\">10</span><span>vs</span><span class=\"lose\">1</span></em><span>롯데</span>",
          "Class": "play",
          "Scope": null,
          "RowSpan": null,
          "ColSpan": null,
          "Width": null,
          "TypeObj": null
        },
        {
          "Text": "<a href='/Schedule/GameCenter/Main.aspx?gameDate=20181010&gameId=20181010KTLT1&section=REVIEW' class='btn2 mr5' id='btnReview'>리뷰</a>",
          "Class": "relay",
          "Scope": null,
          "RowSpan": null,
          "ColSpan": null,
          "Width": null,
          "TypeObj": null
        },
        {
          "Text": "<a href='/Schedule/GameCenter/Main.aspx?gameDate=20181010&gameId=20181010KTLT1&section=HIGHLIGHT' class='btn2' id='btnHighlight' style='width:65px;'>하이라이트</a>",
          "Class": null,
          "Scope": null,
          "RowSpan": null,
          "ColSpan": null,
          "Width": null,
          "TypeObj": null
        },
        {
          "Text": "KN-T<br />MS-T<br />SS-T<br />SPO-T<br />SPO-2T",
          "Class": null,
          "Scope": null,
          "RowSpan": null,
          "ColSpan": null,
          "Width": null,
          "TypeObj": null
        },
        {
          "Text": "KNN-R<br />PM-R",
          "Class": null,
          "Scope": null,
          "RowSpan": null,
          "ColSpan": null,
          "Width": null,
          "TypeObj": null
        },
        {
          "Text": "사직",
          "Class": null,
          "Scope": null,
          "RowSpan": null,
          "ColSpan": null,
          "Width": null,
          "TypeObj": null
        },
        {
          "Text": "-",
          "Class": null,
          "Scope": null,
          "RowSpan": null,
          "ColSpan": null,
          "Width": null,
          "TypeObj": null
        }
      ],
      "Class": null,
      "OnClick": null,
      "Style": null,
      "Value": null,
      "Id": null
    },
    {
      "row": [
        {
          "Text": "<b>18:22</b>",
          "Class": "time",
          "Scope": null,
          "RowSpan": null,
          "ColSpan": null,
          "Width": null,
          "TypeObj": null
        },
        {
          "Text": "<span>KT</span><em><span class=\"win\">7</span><span>vs</span><span class=\"lose\">0</span></em><span>롯데</span>",
          "Class": "play",
          "Scope": null,
          "RowSpan": null,
          "ColSpan": null,
          "Width": null,
          "TypeObj": null
        },
        {
          "Text": "<a href='/Schedule/GameCenter/Main.aspx?gameDate=20181010&gameId=20181010KTLT2&section=REVIEW' class='btn2 mr5' id='btnReview'>리뷰</a>",
          "Class": "relay",
          "Scope": null,
          "RowSpan": null,
          "ColSpan": null,
          "Width": null,
          "TypeObj": null
        },
        {
          "Text": "<a href='/Schedule/GameCenter/Main.aspx?gameDate=20181010&gameId=20181010KTLT2&section=HIGHLIGHT' class='btn2' id='btnHighlight' style='width:65px;'>하이라이트</a>",
          "Class": null,
          "Scope": null,
          "RowSpan": null,
          "ColSpan": null,
          "Width": null,
          "TypeObj": null
        },
        {
          "Text": "SS-T<br />SPO-T",
          "Class": null,
          "Scope": null,
          "RowSpan": null,
          "ColSpan": null,
          "Width": null,
          "TypeObj": null
        },
        {
          "Text": "KNN-R<br />PM-R",
          "Class": null,
          "Scope": null,
          "RowSpan": null,
          "ColSpan": null,
          "Width": null,
          "TypeObj": null
        },
        {
          "Text": "사직",
          "Class": null,
          "Scope": null,
          "RowSpan": null,
          "ColSpan": null,
          "Width": null,
          "TypeObj": null
        },
        {
          "Text": "-",
          "Class": null,
          "Scope": null,
          "RowSpan": null,
          "ColSpan": null,
          "Width": null,
          "TypeObj": null
        }
      ],
      "Class": null,
      "OnClick": null,
      "Style": null,
      "Value": null,
      "Id": null
    },
    {
      "row": [
        {
          "Text": "<b>18:30</b>",
          "Class": "time",
          "Scope": null,
          "RowSpan": null,
          "ColSpan": null,
          "Width": null,
          "TypeObj": null
        },
        {
          "Text": "<span>SK</span><em><span class=\"win\">12</span><span>vs</span><span class=\"lose\">5</span></em><span>두산</span>",
          "Class": "play",
          "Scope": null,
          "RowSpan": null,
          "ColSpan": null,
          "Width": null,
          "TypeObj": null
        },
        {
          "Text": "<a href='/Schedule/GameCenter/Main.aspx?gameDate=20181010&gameId=20181010SKOB0&section=REVIEW' class='btn2 mr5' id='btnReview'>리뷰</a>",
          "Class": "relay",
          "Scope": null,
          "RowSpan": null,
          "ColSpan": null,
          "Width": null,
          "TypeObj": null
        },
        {
          "Text": "<a href='/Schedule/GameCenter/Main.aspx?gameDate=20181010&gameId=20181010SKOB0&section=HIGHLIGHT' class='btn2' id='btnHighlight' style='width:65px;'>하이라이트</a>",
          "Class": null,
          "Scope": null,
          "RowSpan": null,
          "ColSpan": null,
          "Width": null,
          "TypeObj": null
        },
        {
          "Text": "KN-T<br />SPO-2T",
          "Class": null,
          "Scope": null,
          "RowSpan": null,
          "ColSpan": null,
          "Width": null,
          "TypeObj": null
        },
        {
          "Text": "",
          "Class": null,
          "Scope": null,
          "RowSpan": null,
          "ColSpan": null,
          "Width": null,
          "TypeObj": null
        },
        {
          "Text": "잠실",
          "Class": null,
          "Scope": null,
          "RowSpan": null,
          "ColSpan": null,
          "Width": null,
          "TypeObj": null
        },
        {
          "Text": "-",
          "Class": null,
          "Scope": null,
          "RowSpan": null,
          "ColSpan": null,
          "Width": null,
          "TypeObj": null
        }
      ],
      "Class": null,
      "OnClick": null,
      "Style": null,
      "Value": null,
      "Id": null
    },
    {
      "row": [
        {
          "Text": "<b>18:30</b>",
          "Class": "time",
          "Scope": null,
          "RowSpan": null,
          "ColSpan": null,
          "Width": null,
          "TypeObj": null
        },
        {
          "Text": "<span>한화</span><em><span class=\"lose\">1</span><span>vs</span><span class=\"win\">6</span></em><span>KIA</span>",
          "Class": "play",
          "Scope": null,
          "RowSpan": null,
          "ColSpan": null,
          "Width": null,
          "TypeObj": null
        },
        {
          "Text": "<a href='/Schedule/GameCenter/Main.aspx?gameDate=20181010&gameId=20181010HHHT0&section=REVIEW' class='btn2 mr5' id='btnReview'>리뷰</a>",
          "Class": "relay",
          "Scope": null,
          "RowSpan": null,
          "ColSpan": null,
          "Width": null,
          "TypeObj": null
        },
        {
          "Text": "<a href='/Schedule/GameCenter/Main.aspx?gameDate=20181010&gameId=20181010HHHT0&section=HIGHLIGHT' class='btn2' id='btnHighlight' style='width:65px;'>하이라이트</a>",
          "Class": null,
          "Scope": null,
          "RowSpan": null,
          "ColSpan": null,
          "Width": null,
          "TypeObj": null
        },
        {
          "Text": "MS-T<br />G-CMB",
          "Class": null,
          "Scope": null,
          "RowSpan": null,
          "ColSpan": null,
          "Width": null,
          "TypeObj": null
        },
        {
          "Text": "KBC-R",
          "Class": null,
          "Scope": null,
          "RowSpan": null,
          "ColSpan": null,
          "Width": null,
          "TypeObj": null
        },
        {
          "Text": "광주",
          "Class": null,
          "Scope": null,
          "RowSpan": null,
          "ColSpan": null,
          "Width": null,
          "TypeObj": null
        },
        {
          "Text": "-",
          "Class": null,
          "Scope": null,
          "RowSpan": null,
          "ColSpan": null,
          "Width": null,
          "TypeObj": null
        }
      ],
      "Class": null,
      "OnClick": null,
      "Style": null,
      "Value": null,
      "Id": null
    },
    {
      "row": [
        {
          "Text": "10.11(목)",
          "Class": "day",
          "Scope": null,
          "RowSpan": "2",
          "ColSpan": null,
          "Width": null,
          "TypeObj": null
        },
        {
          "Text": "<b>18:30</b>",
          "Class": "time",
          "Scope": null,
          "RowSpan": null,
          "ColSpan": null,
          "Width": null,
          "TypeObj": null
        },
        {
          "Text": "<span>SK</span><em><span class=\"lose\">3</span><span>vs</span><span class=\"win\">8</span></em><span>두산</span>",
          "Class": "play",
          "Scope": null,
          "RowSpan": null,
          "ColSpan": null,
          "Width": null,
          "TypeObj": null
        },
        {
          "Text": "<a href='/Schedule/GameCenter/Main.aspx?gameDate=20181011&gameId=20181011SKOB0&section=REVIEW' class='btn2 mr5' id='btnReview'>리뷰</a>",
          "Class": "relay",
          "Scope": null,
          "RowSpan": null,
          "ColSpan": null,
          "Width": null,
          "TypeObj": null
        },
        {
          "Text": "<a href='/Schedule/GameCenter/Main.aspx?gameDate=20181011&gameId=20181011SKOB0&section=HIGHLIGHT' class='btn2' id='btnHighlight' style='width:65px;'>하이라이트</a>",
          "Class": null,
          "Scope": null,
          "RowSpan": null,
          "ColSpan": null,
          "Width": null,
          "TypeObj": null
        },
        {
          "Text": "KN-T<br />MS-T<br />SS-T",
          "Class": null,
          "Scope": null,
          "RowSpan": null,
          "ColSpan": null,
          "Width": null,
          "TypeObj": null
        },
        {
          "Text": "",
          "Class": null,
          "Scope": null,
          "RowSpan": null,
          "ColSpan": null,
          "Width": null,
          "TypeObj": null
        },
        {
          "Text": "잠실",
          "Class": null,
          "Scope": null,
          "RowSpan": null,
          "ColSpan": null,
          "Width": null,
          "TypeObj": null
        },
        {
          "Text": "-",
          "Class": null,
          "Scope": null,
          "RowSpan": null,
          "ColSpan": null,
          "Width": null,
          "TypeObj": null
        }
      ],
      "Class": null,
      "OnClick": null,
      "Style": null,
      "Value": null,
      "Id": null
    },
    {
      "row": [
        {
          "Text": "<b>18:30</b>",
          "Class": "time",
          "Scope": null,
          "RowSpan": null,
          "ColSpan": null,
          "Width": null,
          "TypeObj": null
        },
        {
          "Text": "<span>롯데</span><em><span class=\"win\">4</span><span>vs</span><span class=\"lose\">0</span></em><span>KIA</span>",
          "Class": "play",
          "Scope": null,
          "RowSpan": null,
          "ColSpan": null,
          "Width": null,
          "TypeObj": null
        },
        {
          "Text": "<a href='/Schedule/GameCenter/Main.aspx?gameDate=20181011&gameId=20181011LTHT0&section=REVIEW' class='btn2 mr5' id='btnReview'>리뷰</a>",
          "Class": "relay",
          "Scope": null,
          "RowSpan": null,
          "ColSpan": null,
          "Width": null,
          "TypeObj": null
        },
        {
          "Text": "<a href='/Schedule/GameCenter/Main.aspx?gameDate=20181011&gameId=20181011LTHT0&section=HIGHLIGHT' class='btn2' id='btnHighlight' style='width:65px;'>하이라이트</a>",
          "Class": null,
          "Scope": null,
          "RowSpan": null,
          "ColSpan": null,
          "Width": null,
          "TypeObj": null
        },
        {
          "Text": "SPO-T<br />SPO-2T<br />G-CMB",
          "Class": null,
          "Scope": null,
          "RowSpan": null,
          "ColSpan": null,
          "Width": null,
          "TypeObj": null
        },
        {
          "Text": "KNN-R<br />PM-R<br />KBC-R",
          "Class": null,
          "Scope": null,
          "RowSpan": null,
          "ColSpan": null,
          "Width": null,
          "TypeObj": null
        },
        {
          "Text": "광주",
          "Class": null,
          "Scope": null,
          "RowSpan": null,
          "ColSpan": null,
          "Width": null,
          "TypeObj": null
        },
        {
          "Text": "-",
          "Class": null,
          "Scope": null,
          "RowSpan": null,
          "ColSpan": null,
          "Width": null,
          "TypeObj": null
        }
      ],
      "Class": null,
      "OnClick": null,
      "Style": null,
      "Value": null,
      "Id": null
    },
    {
      "row": [
        {
          "Text": "10.12(금)",
          "Class": "day",
          "Scope": null,
          "RowSpan": "3",
          "ColSpan": null,
          "Width": null,
          "TypeObj": null
        },
        {
          "Text": "<b>18:30</b>",
          "Class": "time",
          "Scope": null,
          "RowSpan": null,
          "ColSpan": null,
          "Width": null,
          "TypeObj": null
        },
        {
          "Text": "<span>NC</span><em><span class=\"lose\">2</span><span>vs</span><span class=\"win\">13</span></em><span>두산</span>",
          "Class": "play",
          "Scope": null,
          "RowSpan": null,
          "ColSpan": null,
          "Width": null,
          "TypeObj": null
        },
        {
          "Text": "<a href='/Schedule/GameCenter/Main.aspx?gameDate=20181012&gameId=20181012NCOB0&section=REVIEW' class='btn2 mr5' id='btnReview'>리뷰</a>",
          "Class": "relay",
          "Scope": null,
          "RowSpan": null,
          "ColSpan": null,
          "Width": null,
          "TypeObj": null
        },
        {
          "Text": "<a href='/Schedule/GameCenter/Main.aspx?gameDate=20181012&gameId=20181012NCOB0&section=HIGHLIGHT' class='btn2' id='btnHighlight' style='width:65px;'>하이라이트</a>",
          "Class": null,
          "Scope": null,
          "RowSpan": null,
          "ColSpan": null,
          "Width": null,
          "TypeObj": null
        },
        {
          "Text": "MS-T<br />SPO-2T",
          "Class": null,
          "Scope": null,
          "RowSpan": null,
          "ColSpan": null,
          "Width": null,
          "TypeObj": null
        },
        {
          "Text": "KNN-R",
          "Class": null,
          "Scope": null,
          "RowSpan": null,
          "ColSpan": null,
          "Width": null,
          "TypeObj": null
        },
        {
          "Text": "잠실",
          "Class": null,
          "Scope": null,
          "RowSpan": null,
          "ColSpan": null,
          "Width": null,
          "TypeObj": null
        },
        {
          "Text": "-",
          "Class": null,
          "Scope": null,
          "RowSpan": null,
          "ColSpan": null,
          "Width": null,
          "TypeObj": null
        }
      ],
      "Class": null,
      "OnClick": null,
      "Style": null,
      "Value": null,
      "Id": null
    },
    {
      "row": [
        {
          "Text": "<b>18:30</b>",
          "Class": "time",
          "Scope": null,
          "RowSpan": null,
          "ColSpan": null,
          "Width": null,
          "TypeObj": null
        },
        {
          "Text": "<span>넥센</span><em><span class=\"win\">10</span><span>vs</span><span class=\"lose\">5</span></em><span>KT</span>",
          "Class": "play",
          "Scope": null,
          "RowSpan": null,
          "ColSpan": null,
          "Width": null,
          "TypeObj": null
        },
        {
          "Text": "<a href='/Schedule/GameCenter/Main.aspx?gameDate=20181012&gameId=20181012WOKT0&section=REVIEW' class='btn2 mr5' id='btnReview'>리뷰</a>",
          "Class": "relay",
          "Scope": null,
          "RowSpan": null,
          "ColSpan": null,
          "Width": null,
          "TypeObj": null
        },
        {
          "Text": "<a href='/Schedule/GameCenter/Main.aspx?gameDate=20181012&gameId=20181012WOKT0&section=HIGHLIGHT' class='btn2' id='btnHighlight' style='width:65px;'>하이라이트</a>",
          "Class": null,
          "Scope": null,
          "RowSpan": null,
          "ColSpan": null,
          "Width": null,
          "TypeObj": null
        },
        {
          "Text": "KN-T",
          "Class": null,
          "Scope": null,
          "RowSpan": null,
          "ColSpan": null,
          "Width": null,
          "TypeObj": null
        },
        {
          "Text": "",
          "Class": null,
          "Scope": null,
          "RowSpan": null,
          "ColSpan": null,
          "Width": null,
          "TypeObj": null
        },
        {
          "Text": "수원",
          "Class": null,
          "Scope": null,
          "RowSpan": null,
          "ColSpan": null,
          "Width": null,
          "TypeObj": null
        },
        {
          "Text": "-",
          "Class": null,
          "Scope": null,
          "RowSpan": null,
          "ColSpan": null,
          "Width": null,
          "TypeObj": null
        }
      ],
      "Class": null,
      "OnClick": null,
      "Style": null,
      "Value": null,
      "Id": null
    },
    {
      "row": [
        {
          "Text": "<b>18:30</b>",
          "Class": "time",
          "Scope": null,
          "RowSpan": null,
          "ColSpan": null,
          "Width": null,
          "TypeObj": null
        },
        {
          "Text": "<span>롯데</span><em><span class=\"lose\">4</span><span>vs</span><span class=\"win\">6</span></em><span>KIA</span>",
          "Class": "play",
          "Scope": null,
          "RowSpan": null,
          "ColSpan": null,
          "Width": null,
          "TypeObj": null
        },
        {
          "Text": "<a href='/Schedule/GameCenter/Main.aspx?gameDate=20181012&gameId=20181012LTHT0&section=REVIEW' class='btn2 mr5' id='btnReview'>리뷰</a>",
          "Class": "relay",
          "Scope": null,
          "RowSpan": null,
          "ColSpan": null,
          "Width": null,
          "TypeObj": null
        },
        {
          "Text": "<a href='/Schedule/GameCenter/Main.aspx?gameDate=20181012&gameId=20181012LTHT0&section=HIGHLIGHT' class='btn2' id='btnHighlight' style='width:65px;'>하이라이트</a>",
          "Class": null,
          "Scope": null,
          "RowSpan": null,
          "ColSpan": null,
          "Width": null,
          "TypeObj": null
        },
        {
          "Text": "SPO-T<br />G-CMB",
          "Class": null,
          "Scope": null,
          "RowSpan": null,
          "ColSpan": null,
          "Width": null,
          "TypeObj": null
        },
        {
          "Text": "KNN-R<br />PM-R<br />KBC-R",
          "Class": null,
          "Scope": null,
          "RowSpan": null,
          "ColSpan": null,
          "Width": null,
          "TypeObj": null
        },
        {
          "Text": "광주",
          "Class": null,
          "Scope": null,
          "RowSpan": null,
          "ColSpan": null,
          "Width": null,
          "TypeObj": null
        },
        {
          "Text": "-",
          "Class": null,
          "Scope": null,
          "RowSpan": null,
          "ColSpan": null,
          "Width": null,
          "TypeObj": null
        }
      ],
      "Class": null,
      "OnClick": null,
      "Style": null,
      "Value": null,
      "Id": null
    },
    {
      "row": [
        {
          "Text": "10.13(토)",
          "Class": "day",
          "Scope": null,
          "RowSpan": "5",
          "ColSpan": null,
          "Width": null,
          "TypeObj": null
        },
        {
          "Text": "<b>17:00</b>",
          "Class": "time",
          "Scope": null,
          "RowSpan": null,
          "ColSpan": null,
          "Width": null,
          "TypeObj": null
        },
        {
          "Text": "<span>KT</span><em><span class=\"win\">4</span><span>vs</span><span class=\"lose\">3</span></em><span>두산</span>",
          "Class": "play",
          "Scope": null,
          "RowSpan": null,
          "ColSpan": null,
          "Width": null,
          "TypeObj": null
        },
        {
          "Text": "<a href='/Schedule/GameCenter/Main.aspx?gameDate=20181013&gameId=20181013KTOB0&section=REVIEW' class='btn2 mr5' id='btnReview'>리뷰</a>",
          "Class": "relay",
          "Scope": null,
          "RowSpan": null,
          "ColSpan": null,
          "Width": null,
          "TypeObj": null
        },
        {
          "Text": "<a href='/Schedule/GameCenter/Main.aspx?gameDate=20181013&gameId=20181013KTOB0&section=HIGHLIGHT' class='btn2' id='btnHighlight' style='width:65px;'>하이라이트</a>",
          "Class": null,
          "Scope": null,
          "RowSpan": null,
          "ColSpan": null,
          "Width": null,
          "TypeObj": null
        },
        {
          "Text": "SPO-2T",
          "Class": null,
          "Scope": null,
          "RowSpan": null,
          "ColSpan": null,
          "Width": null,
          "TypeObj": null
        },
        {
          "Text": "",
          "Class": null,
          "Scope": null,
          "RowSpan": null,
          "ColSpan": null,
          "Width": null,
          "TypeObj": null
        },
        {
          "Text": "잠실",
          "Class": null,
          "Scope": null,
          "RowSpan": null,
          "ColSpan": null,
          "Width": null,
          "TypeObj": null
        },
        {
          "Text": "-",
          "Class": null,
          "Scope": null,
          "RowSpan": null,
          "ColSpan": null,
          "Width": null,
          "TypeObj": null
        }
      ],
      "Class": null,
      "OnClick": null,
      "Style": null,
      "Value": null,
      "Id": null
    },
    {
      "row": [
        {
          "Text": "<b>17:00</b>",
          "Class": "time",
          "Scope": null,
          "RowSpan": null,
          "ColSpan": null,
          "Width": null,
          "TypeObj": null
        },
        {
          "Text": "<span>LG</span><em><span class=\"win\">3</span><span>vs</span><span class=\"lose\">2</span></em><span>SK</span>",
          "Class": "play",
          "Scope": null,
          "RowSpan": null,
          "ColSpan": null,
          "Width": null,
          "TypeObj": null
        },
        {
          "Text": "<a href='/Schedule/GameCenter/Main.aspx?gameDate=20181013&gameId=20181013LGSK0&section=REVIEW' class='btn2 mr5' id='btnReview'>리뷰</a>",
          "Class": "relay",
          "Scope": null,
          "RowSpan": null,
          "ColSpan": null,
          "Width": null,
          "TypeObj": null
        },
        {
          "Text": "<a href='/Schedule/GameCenter/Main.aspx?gameDate=20181013&gameId=20181013LGSK0&section=HIGHLIGHT' class='btn2' id='btnHighlight' style='width:65px;'>하이라이트</a>",
          "Class": null,
          "Scope": null,
          "RowSpan": null,
          "ColSpan": null,
          "Width": null,
          "TypeObj": null
        },
        {
          "Text": "SS-T",
          "Class": null,
          "Scope": null,
          "RowSpan": null,
          "ColSpan": null,
          "Width": null,
          "TypeObj": null
        },
        {
          "Text": "",
          "Class": null,
          "Scope": null,
          "RowSpan": null,
          "ColSpan": null,
          "Width": null,
          "TypeObj": null
        },
        {
          "Text": "문학",
          "Class": null,
          "Scope": null,
          "RowSpan": null,
          "ColSpan": null,
          "Width": null,
          "TypeObj": null
        },
        {
          "Text": "-",
          "Class": null,
          "Scope": null,
          "RowSpan": null,
          "ColSpan": null,
          "Width": null,
          "TypeObj": null
        }
      ],
      "Class": null,
      "OnClick": null,
      "Style": null,
      "Value": null,
      "Id": null
    },
    {
      "row": [
        {
          "Text": "<b>17:00</b>",
          "Class": "time",
          "Scope": null,
          "RowSpan": null,
          "ColSpan": null,
          "Width": null,
          "TypeObj": null
        },
        {
          "Text": "<span>넥센</span><em><span class=\"lose\">5</span><span>vs</span><span class=\"win\">12</span></em><span>삼성</span>",
          "Class": "play",
          "Scope": null,
          "RowSpan": null,
          "ColSpan": null,
          "Width": null,
          "TypeObj": null
        },
        {
          "Text": "<a href='/Schedule/GameCenter/Main.aspx?gameDate=20181013&gameId=20181013WOSS0&section=REVIEW' class='btn2 mr5' id='btnReview'>리뷰</a>",
          "Class": "relay",
          "Scope": null,
          "RowSpan": null,
          "ColSpan": null,
          "Width": null,
          "TypeObj": null
        },
        {
          "Text": "<a href='/Schedule/GameCenter/Main.aspx?gameDate=20181013&gameId=20181013WOSS0&section=HIGHLIGHT' class='btn2' id='btnHighlight' style='width:65px;'>하이라이트</a>",
          "Class": null,
          "Scope": null,
          "RowSpan": null,
          "ColSpan": null,
          "Width": null,
          "TypeObj": null
        },
        {
          "Text": "KN-T",
          "Class": null,
          "Scope": null,
          "RowSpan": null,
          "ColSpan": null,
          "Width": null,
          "TypeObj": null
        },
        {
          "Text": "T-R",
          "Class": null,
          "Scope": null,
          "RowSpan": null,
          "ColSpan": null,
          "Width": null,
          "TypeObj": null
        },
        {
          "Text": "대구",
          "Class": null,
          "Scope": null,
          "RowSpan": null,
          "ColSpan": null,
          "Width": null,
          "TypeObj": null
        },
        {
          "Text": "-",
          "Class": null,
          "Scope": null,
          "RowSpan": null,
          "ColSpan": null,
          "Width": null,
          "TypeObj": null
        }
      ],
      "Class": null,
      "OnClick": null,
      "Style": null,
      "Value": null,
      "Id": null
    },
    {
      "row": [
        {
          "Text": "<b>17:00</b>",
          "Class": "time",
          "Scope": null,
          "RowSpan": null,
          "ColSpan": null,
          "Width": null,
          "TypeObj": null
        },
        {
          "Text": "<span>롯데</span><em><span class=\"win\">5</span><span>vs</span><span class=\"lose\">1</span></em><span>KIA</span>",
          "Class": "play",
          "Scope": null,
          "RowSpan": null,
          "ColSpan": null,
          "Width": null,
          "TypeObj": null
        },
        {
          "Text": "<a href='/Schedule/GameCenter/Main.aspx?gameDate=20181013&gameId=20181013LTHT0&section=REVIEW' class='btn2 mr5' id='btnReview'>리뷰</a>",
          "Class": "relay",
          "Scope": null,
          "RowSpan": null,
          "ColSpan": null,
          "Width": null,
          "TypeObj": null
        },
        {
          "Text": "<a href='/Schedule/GameCenter/Main.aspx?gameDate=20181013&gameId=20181013LTHT0&section=HIGHLIGHT' class='btn2' id='btnHighlight' style='width:65px;'>하이라이트</a>",
          "Class": null,
          "Scope": null,
          "RowSpan": null,
          "ColSpan": null,
          "Width": null,
          "TypeObj": null
        },
        {
          "Text": "SPO-T",
          "Class": null,
          "Scope": null,
          "RowSpan": null,
          "ColSpan": null,
          "Width": null,
          "TypeObj": null
        },
        {
          "Text": "KNN-R<br />PM-R<br />KBC-R",
          "Class": null,
          "Scope": null,
          "RowSpan": null,
          "ColSpan": null,
          "Width": null,
          "TypeObj": null
        },
        {
          "Text": "광주",
          "Class": null,
          "Scope": null,
          "RowSpan": null,
          "ColSpan": null,
          "Width": null,
          "TypeObj": null
        },
        {
          "Text": "-",
          "Class": null,
          "Scope": null,
          "RowSpan": null,
          "ColSpan": null,
          "Width": null,
          "TypeObj": null
        }
      ],
      "Class": null,
      "OnClick": null,
      "Style": null,
      "Value": null,
      "Id": null
    },
    {
      "row": [
        {
          "Text": "<b>17:00</b>",
          "Class": "time",
          "Scope": null,
          "RowSpan": null,
          "ColSpan": null,
          "Width": null,
          "TypeObj": null
        },
        {
          "Text": "<span>NC</span><em><span class=\"lose\">8</span><span>vs</span><span class=\"win\">10</span></em><span>한화</span>",
          "Class": "play",
          "Scope": null,
          "RowSpan": null,
          "ColSpan": null,
          "Width": null,
          "TypeObj": null
        },
        {
          "Text": "<a href='/Schedule/GameCenter/Main.aspx?gameDate=20181013&gameId=20181013NCHH0&section=REVIEW' class='btn2 mr5' id='btnReview'>리뷰</a>",
          "Class": "relay",
          "Scope": null,
          "RowSpan": null,
          "ColSpan": null,
          "Width": null,
          "TypeObj": null
        },
        {
          "Text": "<a href='/Schedule/GameCenter/Main.aspx?gameDate=20181013&gameId=20181013NCHH0&section=HIGHLIGHT' class='btn2' id='btnHighlight' style='width:65px;'>하이라이트</a>",
          "Class": null,
          "Scope": null,
          "RowSpan": null,
          "ColSpan": null,
          "Width": null,
          "TypeObj": null
        },
        {
          "Text": "MS-T<br />D-CMB",
          "Class": null,
          "Scope": null,
          "RowSpan": null,
          "ColSpan": null,
          "Width": null,
          "TypeObj": null
        },
        {
          "Text": "KNN-R",
          "Class": null,
          "Scope": null,
          "RowSpan": null,
          "ColSpan": null,
          "Width": null,
          "TypeObj": null
        },
        {
          "Text": "대전",
          "Class": null,
          "Scope": null,
          "RowSpan": null,
          "ColSpan": null,
          "Width": null,
          "TypeObj": null
        },
        {
          "Text": "-",
          "Class": null,
          "Scope": null,
          "RowSpan": null,
          "ColSpan": null,
          "Width": null,
          "TypeObj": null
        }
      ],
      "Class": null,
      "OnClick": null,
      "Style": null,
      "Value": null,
      "Id": null
    },
    {
      "row": [
        {
          "Text": "10.14(일)",
          "Class": "day",
          "Scope": null,
          "RowSpan": "1",
          "ColSpan": null,
          "Width": null,
          "TypeObj": null
        },
        {
          "Text": "<b>14:00</b>",
          "Class": "time",
          "Scope": null,
          "RowSpan": null,
          "ColSpan": null,
          "Width": null,
          "TypeObj": null
        },
        {
          "Text": "<span>두산</span><em><span class=\"win\">5</span><span>vs</span><span class=\"lose\">1</span></em><span>롯데</span>",
          "Class": "play",
          "Scope": null,
          "RowSpan": null,
          "ColSpan": null,
          "Width": null,
          "TypeObj": null
        },
        {
          "Text": "<a href='/Schedule/GameCenter/Main.aspx?gameDate=20181014&gameId=20181014OBLT0&section=REVIEW' class='btn2 mr5' id='btnReview'>리뷰</a>",
          "Class": "relay",
          "Scope": null,
          "RowSpan": null,
          "ColSpan": null,
          "Width": null,
          "TypeObj": null
        },
        {
          "Text": "<a href='/Schedule/GameCenter/Main.aspx?gameDate=20181014&gameId=20181014OBLT0&section=HIGHLIGHT' class='btn2' id='btnHighlight' style='width:65px;'>하이라이트</a>",
          "Class": null,
          "Scope": null,
          "RowSpan": null,
          "ColSpan": null,
          "Width": null,
          "TypeObj": null
        },
        {
          "Text": "SPO-2T",
          "Class": null,
          "Scope": null,
          "RowSpan": null,
          "ColSpan": null,
          "Width": null,
          "TypeObj": null
        },
        {
          "Text": "KNN-R<br />PM-R",
          "Class": null,
          "Scope": null,
          "RowSpan": null,
          "ColSpan": null,
          "Width": null,
          "TypeObj": null
        },
        {
          "Text": "사직",
          "Class": null,
          "Scope": null,
          "RowSpan": null,
          "ColSpan": null,
          "Width": null,
          "TypeObj": null
        },
        {
          "Text": "-",
          "Class": null,
          "Scope": null,
          "RowSpan": null,
          "ColSpan": null,
          "Width": null,
          "TypeObj": null
        }
      ],
      "Class": null,
      "OnClick": null,
      "Style": null,
      "Value": null,
      "Id": null
    }
  ],
  "tfoot": [],
  "totalCnt": null,
  "headerClass": null,
  "tbodyClass": null,
  "tfootClass": null,
  "title": null,
  "caption": null,
  "result_cd": null,
  "result_msg": null,
  "code": null,
  "msg": null
}